<?xml version="1.0" encoding="utf-8"?>
<openerp><data>

<template id="report_detailsofsales" inherit_id="point_of_sale.report_detailsofsales">
	<xpath expr="//table[1]" position="replace">
        <table class="table table-condensed">
            <thead>
                <th><strong>Category</strong></th>
                <th><strong>Product Quantity</strong></th>
                <th class="text-right"><strong>Total Price</strong></th>
			</thead>
            <tbody>
                <tr t-foreach="pos_sales_details_custom(data['form'])" t-as="line_ids">
					<td>
                        <span t-esc="line_ids['product_categ_id'][1]"/>
					</td>
					<td>
                        <span t-esc="line_ids['product_qty']"/>
					</td>
                    <td class="text-right">
                        <span t-esc="formatLang(line_ids['price_total'], dp='Sale Price', currency_obj=res_company.currency_id)"/>
                    </td>
				</tr>
			</tbody>
		</table>
	</xpath>
</template>

</data></openerp>
