<?xml version="1.0"?>
<openerp>
    <data>

        <record id="view_res_partner_herbe_filter" model="ir.ui.view">
            <field name="name">res.partner.herbe.select</field>

            <field name="model">res.partner</field>
            <field name="inherit_id" ref="base.view_res_partner_filter"/>
            <field name="arch" type="xml">
                <xpath expr="//group" position="inside">
                    <filter string="Verification Status" context="{'group_by': 'hb_verified'}"/>
                </xpath>
            </field>
        </record>

        <record id="view_partner_form_recommendation" model="ir.ui.view">
            <field name="name">res.partner.form.recommendation</field>
            <field name="inherit_id" ref="base.view_partner_form"/>
            <field name="model">res.partner</field>
            <field name="arch" type="xml">
                <field name="website" position="after">

                    <field name="dob"/>

                    <field name="reco_patient_id"/>
                    <field name="reco_issued"/>
                    <field name="reco_expired"/>
                    <field name="reco_issuer"/>
                    <field name="reco_license"/>
                    <field name="reco_verification_url" widget="url"/>
                    <field name="hb_verified"/>

                    <separator string="Files" colspan="2"/>
                    <field name="recomendation_file"/>
                    <field name="id_file"/>

                </field>
            </field>
        </record>


        <record model="ir.ui.view" id="res_partner_herbe_kanban_view">
            <field name="name">res.partner.herbe.kanban</field>
            <field name="model">res.partner</field>
            <field name="inherit_id" ref="base.res_partner_kanban_view"/>
            <field name="arch" type="xml">
                <xpath expr="//field[@name='email']" position="after">
                    <field name="hb_verified"/>
                </xpath>
                <xpath expr="//div[@class='oe_kanban_global_click o_res_partner_kanban']" position="replace">
                    <t t-set="color" t-value="kanban_color(record.color.raw_value)"/>
                    <div t-att-class="(record.hb_verified.raw_value == 'v' ? ' oe_kanban_color_green' : (record.hb_verified.raw_value == 'nv' ? ' oe_kanban_color_orange' : '')) + ' oe_kanban_global_click o_res_partner_kanban'">
                        <div class="o_kanban_tags_section oe_kanban_partner_categories"/>
                        <div class="o_kanban_image">
                            <t t-if="record.image.raw_value">
                                <img t-att-src="kanban_image('res.partner', 'image_small', record.id.value)"/>
                            </t>
                            <t t-if="!record.image.raw_value">
                                <t t-if="record.type.raw_value === 'delivery'">
                                    <img t-att-src='_s + "/base/static/src/img/truck.png"'
                                         class="o_kanban_image oe_kanban_avatar_smallbox"/>
                                </t>
                                <t t-if="record.type.raw_value === 'invoice'">
                                    <img t-att-src='_s + "/base/static/src/img/money.png"'
                                         class="o_kanban_image oe_kanban_avatar_smallbox"/>
                                </t>
                                <t t-if="record.type.raw_value != 'invoice' &amp;&amp; record.type.raw_value != 'delivery'">
                                    <t t-if="record.is_company.raw_value === true">
                                        <img t-att-src='_s + "/base/static/src/img/company_image.png"'/>
                                    </t>
                                    <t t-if="record.is_company.raw_value === false">
                                        <img t-att-src='_s + "/base/static/src/img/avatar.png"'/>
                                    </t>
                                </t>
                            </t>
                        </div>
                        <div class="oe_kanban_details">
                            <strong class="oe_partner_heading">
                                <field name="display_name"/>
                            </strong>
                            <ul>
                                <li t-if="record.parent_id.raw_value and !record.function.raw_value">
                                    <field name="parent_id"/>
                                </li>
                                <li t-if="!record.parent_id.raw_value and record.function.raw_value">
                                    <field name="function"/>
                                </li>
                                <li t-if="record.parent_id.raw_value and record.function.raw_value">
                                    <field name="function"/>
                                    at
                                    <field name="parent_id"/>
                                </li>
                                <li t-if="record.city.raw_value and !record.country_id.raw_value">
                                    <field name="city"/>
                                </li>
                                <li t-if="!record.city.raw_value and record.country_id.raw_value">
                                    <field name="country_id"/>
                                </li>
                                <li t-if="record.city.raw_value and record.country_id.raw_value"><field name="city"/>,
                                    <field name="country_id"/>
                                </li>
                                <li t-if="record.email.raw_value" class="o_text_overflow">
                                    <field name="email"/>
                                </li>
                            </ul>
                            <div class="oe_kanban_partner_links"/>
                        </div>
                    </div>
                </xpath>
            </field>
        </record>

    </data>
</openerp>