<?xml version="1.0" encoding="utf-8"?>
<openerp>
    <data>

        <record id="invoice_form" model="ir.ui.view">
            <field name="name">account.invoice.form</field>
            <field name="model">account.invoice</field>
            <field name="inherit_id" ref="account.invoice_form"/>
            <field name="arch" type="xml">
                <xpath expr="//field[@name='invoice_line']//field[@name='quantity']" position="before">
                    <field name="start_date"/>
                    <field name="end_date"/>
                </xpath>
            </field>
        </record>

        <record id="invoice_supplier_form" model="ir.ui.view">
            <field name="name">account.invoice.supplier.form</field>
            <field name="model">account.invoice</field>
            <field name="inherit_id" ref="account.invoice_supplier_form"/>
            <field name="arch" type="xml">
                <xpath expr="//field[@name='invoice_line']//field[@name='quantity']" position="before">
                    <field name="start_date"/>
                    <field name="end_date"/>
                </xpath>
            </field>
        </record>

        <record id="view_account_analytic_line_form" model="ir.ui.view">
            <field name="name">account.analytic.line.form</field>
            <field name="model">account.analytic.line</field>
            <field name="inherit_id" ref="account.view_account_analytic_line_form"/>
            <field name="arch" type="xml">
                <xpath expr="//field[@name='date']" position="after">
                    <field name="start_date"/>
                    <field name="end_date"/>
                </xpath>
            </field>
        </record>

        <record id="view_account_analytic_line_tree" model="ir.ui.view">
            <field name="name">account.analytic.line.tree</field>
            <field name="model">account.analytic.line</field>
            <field name="inherit_id" ref="account.view_account_analytic_line_tree"/>
            <field name="arch" type="xml">
                <xpath expr="//field[@name='amount']" position="before">
                    <field name="start_date"/>
                    <field name="end_date"/>
                </xpath>
            </field>
        </record>

    </data>
</openerp>
