<?xml version="1.0" encoding="utf-8"?>
<openerp>
    <data>
		<!-- accounts tags -->
        <record id="accounts_tags_initial_source_of_referral_c" model="res.partner.category">
            <field name="name">Initial src of referral</field>
        </record>

        <record id="accounts_tags_private_sector_new_c" model="res.partner.category">
            <field name="name">private sector</field>
        </record>

        <record id="accounts_tags_rtw_organisation_type_c" model="res.partner.category">
            <field name="name">org type</field>
        </record>

        <record id="accounts_tags_sales_funnel_c" model="res.partner.category">
            <field name="name">Sales funnel</field>
        </record>

        <record id="accounts_tags_shenley_holdings_company_new_c" model="res.partner.category">
            <field name="name">shenley holdings</field>
        </record>

        <record id="accounts_tags_source_of_referral_c" model="res.partner.category">
            <field name="name">src of referral</field>
        </record>

        <record id="accounts_tags_status_c" model="res.partner.category">
            <field name="name">status</field>
        </record>

        <record id="accounts_tags_introduced_by_c" model="res.partner.category">
            <field name="name">introduced by</field>
        </record>

        <record id="accounts_tags_introduced_by_customer_c" model="res.partner.category">
            <field name="name">introduced by customer</field>
        </record>

        <record id="accounts_tags_sister_company_c" model="res.partner.category">
            <field name="name">sister company</field>
        </record>

		<!-- contact tags -->
		<record id="contacts_tags_agreed_commission_c" model="res.partner.category">
            <field name="name">Agreed commission</field>
        </record>
		<record id="contacts_tags_agreed_introducer_commission_c" model="res.partner.category">
            <field name="name">Agreed introducer commission</field>
        </record>
		<record id="contacts_tags_ambassador_c" model="res.partner.category">
            <field name="name">Ambassador</field>
        </record>
		<record id="contacts_tags_consultant_type_c" model="res.partner.category">
            <field name="name">Consultant type</field>
        </record>
		<record id="contacts_tags_consultant_type_other_c" model="res.partner.category">
            <field name="name">Consultant type other</field>
        </record>
		<record id="contacts_tags_england_c" model="res.partner.category">
            <field name="name">England</field>
        </record>
		<record id="contacts_tags_ethnicity_c" model="res.partner.category">
            <field name="name">Ethnicity</field>
        </record>
		<record id="contacts_tags_europe_c" model="res.partner.category">
            <field name="name">Europe</field>
        </record>
		<record id="contacts_tags_first_language_c" model="res.partner.category">
            <field name="name">First language</field>
        </record>
		<record id="contacts_tags_gender_c" model="res.partner.category">
            <field name="name">Gender</field>
        </record>
		<record id="contacts_tags_other_languages_c" model="res.partner.category">
            <field name="name">Other language</field>
        </record>
		<record id="contacts_tags_religion_c" model="res.partner.category">
            <field name="name">Religion</field>
        </record>
		<record id="contacts_tags_role_c" model="res.partner.category">
            <field name="name">Role</field>
        </record>
		<record id="contacts_tags_role_type_c" model="res.partner.category">
            <field name="name">Role type</field>
        </record>
		<record id="contacts_tags_skill_set_c" model="res.partner.category">
            <field name="name">Skill</field>
        </record>
		<record id="contacts_tags_specialism_c" model="res.partner.category">
            <field name="name">Specialism</field>
        </record>
		<record id="contacts_tags_status_live_c" model="res.partner.category">
            <field name="name">Status live</field>
        </record>
		<record id="contacts_tags_status_live_new_c" model="res.partner.category">
            <field name="name">Status live new</field>
        </record>
		<record id="contacts_tags_trainer_type_c" model="res.partner.category">
            <field name="name">Trainer type</field>
        </record>
		<record id="contacts_tags_training_experience_c" model="res.partner.category">
            <field name="name">Trainingexperience</field>
        </record>
		<record id="contacts_tags_willing_to_travel_c" model="res.partner.category">
            <field name="name">Willing to travel</field>
        </record>

		<!-- contract tags -->
		<record id="cases_tags_business_type_c" model="contract.category">
            <field name="name">Business Type</field>
        </record>
		<record id="cases_tags_probability_of_closing_c" model="contract.category">
            <field name="name">Probability of closing</field>
        </record>
		<record id="cases_tags_production_funnel_c" model="contract.category">
            <field name="name">Production funnel</field>
        </record>
		<record id="cases_tags_product_area_c" model="contract.category">
            <field name="name">Product area</field>
        </record>
		<record id="cases_tags_product_type_c" model="contract.category">
            <field name="name">Product type</field>
        </record>
		<record id="cases_tags_reason_lost_c" model="contract.category">
            <field name="name">Reason lost</field>
        </record>
		<record id="cases_tags_source_of_referral_c" model="contract.category">
            <field name="name">Source of referral</field>
        </record>



    </data>
</openerp>
