<?xml version="1.0" encoding="utf-8"?>
<openerp>
    <data>
        <record id="product_branch_form_view" model="ir.ui.view">
            <field name="name">product.branch.form</field>
            <field name="model">product.branch</field>
            <field name="arch" type="xml">
                <form string="Brand" version="7.0">
                	<sheet>
                		<group>
		                	<group>
			                	<field name="name" />
			                	<field name="description" />
			                </group>
		                </group>
                	</sheet>
                </form>
            </field>
        </record>

        <record id="product_branch_tree_view" model="ir.ui.view">
            <field name="name">product.branch.tree</field>
            <field name="model">product.branch</field>
            <field eval="7" name="priority"/>
            <field name="arch" type="xml">
                <tree string="Brand">
                	<field name="name" />
                	<field name="description" />
                </tree>
            </field>
        </record>

		<record id="open_view_branch" model="ir.actions.act_window">
            <field name="name">Brand</field>
            <field name="res_model">product.branch</field>
            <field name="view_type">form</field>
            <field name="view_mode">form,tree</field>
        </record>
        <record id="action_branch_tree_view" model="ir.actions.act_window.view">
            <field eval="1" name="sequence"/>
            <field name="view_mode">tree</field>            
            <field name="view_id" ref="product_branch_tree_view"/>
            <field name="act_window_id" ref="open_view_branch"/>
        </record> 
        
        <record id="action_branch_form_view" model="ir.actions.act_window.view">
            <field eval="2" name="sequence"/>
            <field name="view_mode">form</field>            
            <field name="view_id" ref="product_branch_form_view"/>
            <field name="act_window_id" ref="open_view_branch"/>
        </record>
		
		<menuitem  action="open_view_branch" id="prod_config_branch" parent="product.prod_config_main" sequence="9"/>
		<!-- Product Customization -->
		<record id="product_cus_form_view" model="ir.ui.view">
            <field name="name">prod_cus.form.view</field>
            <field name="model">product.template</field>
            <field name="inherit_id" ref="product.product_template_form_view"/>         
            <field name="arch" type="xml">
               	<data>               		
					<xpath expr="//div[@class='oe_title']" position="after">
                            <div class="oe_title" style="width: 390px;">
                                <label class="oe_edit_only" for="branch_id" string="Brand"/>
                                <h1><field name="branch_id" class="oe_inline"/></h1>
                            </div>
					</xpath> 
				</data>
			</field>
		</record>
    </data>
</openerp>
