<?xml version="1.0" encoding="utf-8"?>
<openerp>
	<data>

        <record id="product_tag_form" model="ir.ui.view">
            <field name="name">product.tag.view.form</field>
            <field name="model">product.tag</field>
            <field name="arch" type="xml">
                <form string="Product Tag">
	                <group>
	                    <field name="image" widget="image" class="oe_avatar oe_left" nolabel="1"/>
	                </group>
                    <group col="4">
                        <field name="name"/>
                        <field name="active"/>
                        <field name="parent_id"/>
                    </group>
                </form>
            </field>
        </record>	

        <record id="product_tag_tree" model="ir.ui.view">
            <field name="name">product.tag.view.tree</field>
            <field name="model">product.tag</field>
            <field name="field_parent">child_ids</field>
            <field name="arch" type="xml">
                <tree toolbar="1" string="Product Tags">
                    <field name="display_name"/>
                </tree>
            </field>
        </record>

        <record id="product_tag_list" model="ir.ui.view">
            <field name="name">Product Tags</field>
            <field name="model">product.tag</field>
            <field eval="6" name="priority"/>
            <field name="arch" type="xml">
                <tree string="Product Tags">
                    <field name="display_name"/>
                </tree>
            </field>
        </record>

        <record id="product_tag_search" model="ir.ui.view">
            <field name="name">product.tag.view.search</field>
            <field name="model">product.tag</field>
            <field name="arch" type="xml">
                <search string="Tag">
                    <field name="name"/>
                </search>
            </field>
        </record>
        <record id="product_tag_action_form" model="ir.actions.act_window">
            <field name="name">Product Tags</field>
            <field name="type">ir.actions.act_window</field>
            <field name="res_model">product.tag</field>
            <field name="view_type">form</field>
            <field name="view_mode">tree,form</field>
            <field name="search_view_id" ref="product_tag_search"/>
            <field name="view_id" ref="product_tag_tree"/>
        </record>
        <menuitem action="product_tag_action_form"
            groups="base.group_no_one"
            id="menu_product_tag_action_form"
            parent="product.prod_config_main" sequence="3"/>
	
        <record id="product_template_tag_search_inherit" model="ir.ui.view">
            <field name="name">product.template.tag.view.search</field>
            <field name="model">product.template</field>
            <field name="inherit_id" ref="product.product_template_search_view"/>
            <field name="arch" type="xml">
                <field name="name" position="after">
                    <field name="tag_ids" string="Tags" filter_domain="['|',('tag_ids','ilike',self),('tag_ids','child_of',self)]"/>
                </field>
            </field>
        </record>

        <record id="product_template_form_inherit" model="ir.ui.view">
            <field name="name">product.template.view.form</field>
            <field name="model">product.template</field>
            <field name="inherit_id" ref="product.product_template_form_view"/>
            <field name="arch" type="xml">
                <xpath expr="//h1" position="after">
                    <field name="tag_ids" widget="many2many_tags" placeholder="Tags..."/>
                </xpath>
            </field>
        </record>

		<!--  kanban view   -->

        <record model="ir.ui.view" id="product_template_kanban">
            <field name="name">Product Template Tag Kanban</field>
            <field name="model">product.template</field>
            <field name="inherit_id" ref="product.product_template_kanban_view"/>
            <field name="arch" type="xml">
                <div name="tags" position="inside">
                    <ul>
                        <li><field name="tag_ids"/></li>
                    </ul>
                </div>
            </field>
        </record>
        

    </data>
</openerp>
