<?xml version="1.0" encoding="UTF-8"?>
<templates id="template" xml:space="preserve">
    <t t-name="XmlReceipt">
        <receipt align='center' width='40' value-thousands-separator='' >
			<div line-ratio="0.1">
			<line>
				<right>
					<div><t t-esc='receipt.date.localestring' /></div>
				</right>
			</line>
			<line>
				<right>
					<div><t t-esc='receipt.name_custom' /></div>
				</right>
			</line>
			</div>
            <t t-if='receipt.company.logo'>
                <img t-att-src='receipt.company.logo' />
                <br/>
            </t>
            <t t-if='receipt.header'>
                <div><t t-esc='receipt.header' /></div>
            </t>

            <div><t t-esc='receipt.company.name' /></div>
            <t t-if='receipt.company.contact_address'>
                <div><t t-esc='receipt.company.contact_address' /></div>
            </t>
            <t t-if='receipt.company.vat'>
                <div>VAT:<t t-esc='receipt.company.vat' /></div>
            </t>
            <t t-if='receipt.company.phone'>
                <div>Tel:<t t-esc='receipt.company.phone' /></div>
            </t>

			<t t-if="receipt.client">
				<div><t t-esc='receipt.client'/></div>
			</t>
			<t t-if="receipt.client_data.address">
				<div><t t-esc='receipt.client_data.address'/></div>
			</t>
			<t t-if="receipt.client_data.tax_id">
				<div><t t-esc='receipt.client_data.tax_id'/></div>
			</t>

            <div>--------------------------------</div>
			<div><pre>    QUANTITY   UNIT   TOTAL</pre></div>
            <div>--------------------------------</div>

            <div line-ratio='0.3'>
                <t t-foreach='receipt.orderlines' t-as='line'>
                    <line><left><t t-esc='line.product_name' /></left></line>

                    <line>
                        <left>
                            <t t-esc='line.tax_name' />
                        </left>
                        <right>
                            <value value-decimals='3' value-autoint='on'>
                                <t t-esc='line.quantity' />
                            </value>
							x
                            <value value-decimals='2'>
                                <t t-esc='line.price' />
                            </value>
                            <value value-decimals='2'><t t-esc='line.price_without_discount' /></value>
                        </right>
                    </line>
                </t>
            </div>

            <!-- Subtotal -->

            <t t-set='taxincluded' t-value='Math.abs(receipt.subtotal - receipt.total_with_tax) &lt;= 0.000001' />

            <t t-if='taxincluded'>
				<div>--------------------------------</div>
				<div>TAX INCLUDED</div>
				<div>--------------------------------</div>
			</t>
            <t t-if='!taxincluded'>
                <line><right>--------</right></line>
                <line><left>Subtotal</left><right> <value><t t-esc="receipt.subtotal" /></value></right></line>
                <line><right>TAXES:</right></line>
                <t t-foreach='receipt.tax_details' t-as='tax'>
                    <line>
                        <left><t t-esc='tax.name' /></left>
                        <right><value><t t-esc='tax.amount' /></value></right>
                    </line>
                </t>
            </t>

            <t t-if='receipt.total_discount'>
                <line>
                    <left>Subtotal:</left>
                    <right><value><t t-esc='receipt.total_with_tax  + receipt.total_discount'/></value></right>
                </line>
                <line>
                    <left>Discount:</left>
                    <right><value><t t-esc='receipt.total_discount'/></value></right>
                </line>
            </t>
            <line size='double-height'>
                <left>TOTAL</left>
                <right><value><t t-esc='receipt.total_with_tax' /></value><t t-esc='receipt.currency.name'/></right>
            </line>

            <t t-if='taxincluded'>
				<div line-ratio="0.3">
				<div><right>SUBTOTAL TAX TOTAL</right></div>
                <t t-foreach='receipt.tax_details_extra' t-as='tax'>
                    <line>
                        <left><t t-esc='tax.name' /></left>
                        <right>
							<value><t t-esc='tax.base' /></value>
							<value><t t-esc='tax.amount' /></value>
							<value><t t-esc='tax.base + tax.amount' /></value>
						</right>
                    </line>
                </t>
				</div>
            </t>

            <!-- Payment Lines -->

            <t t-foreach='receipt.paymentlines' t-as='line'>
                <line>
                    <left><t t-esc='line.journal' /></left>
                    <right><value><t t-esc='line.amount'/></value></right>
                </line>
            </t>
            <br/> 

            <line size='double-height'>
                <left>CHANGE</left>
                <right><value><t t-esc='receipt.change' /></value><t t-esc='receipt.currency.name'/></right>
            </line>
            <br/>

            <!-- Footer -->
            <t t-if='receipt.footer'>
                <br/>
                <pre><t t-esc='receipt.footer' /></pre>
                <br/>
                <br/>
            </t>

            <br/>
            <div font='b'>
            </div>

        </receipt>
    </t>
</templates>
