<?xml version="1.0" encoding="utf-8"?>
<openerp>
    <data>

        <!-- Sale-related subtypes for messaging / Chatter -->
        <record id="mt_order_created" model="mail.message.subtype">
            <field name="name">Quotation created</field>
            <field name="res_model">sale.order</field>
            <field name="default" eval="False"/>
            <field name="description">Quotation created</field>
            <field name="default" eval="True"/>
        </record>
		
        <!-- Salesteam-related subtypes for messaging / Chatter -->
        <record id="mt_salesteam_order_created" model="mail.message.subtype">
            <field name="name">Quotation created</field>
            <field name="sequence">20</field>
            <field name="res_model">crm.case.section</field>
            <field name="parent_id" eval="ref('sale_order_created.mt_order_created')"/>
            <field name="relation_field">section_id</field>
            <field name="default" eval="True"/>
        </record>

	</data>
</openerp>
