<?xml version="1.0" encoding="utf-8"?>
<openerp><data>

<record id="view_order_form" model="ir.ui.view">
    <field name="model">sale.order</field>
    <field name="inherit_id" ref="sale.view_order_form"/>
    <field name="arch" type="xml">
        <xpath expr="//tree//field[@name='price_unit']" position="after">
            <field name="price_unit_without_taxes"/>
        </xpath>
    </field>
</record>

<template id="report_saleorder_document" inherit_id="sale.report_saleorder_document">
    <xpath expr="//span[@t-field='l.price_unit']" position="replace">
        <span t-field="l.price_unit_without_taxes"/>
    </xpath>
</template>

<record id="invoice_form" model="ir.ui.view">
    <field name="model">account.invoice</field>
    <field name="inherit_id" ref="account.invoice_form"/>
    <field name="arch" type="xml">
        <xpath expr="//tree//field[@name='price_unit']" position="after">
            <field name="price_unit_without_taxes"/>
        </xpath>
    </field>
</record>

<record id="invoice_supplier_form" model="ir.ui.view">
    <field name="model">account.invoice</field>
    <field name="inherit_id" ref="account.invoice_supplier_form"/>
    <field name="arch" type="xml">
        <xpath expr="//tree//field[@name='price_unit']" position="after">
            <field name="price_unit_without_taxes"/>
        </xpath>
    </field>
</record>

<template id="report_invoice_document" inherit_id="account.report_invoice_document">
    <xpath expr="//span[@t-field='l.price_unit']" position="replace">
        <span t-field="l.price_unit_without_taxes"/>
    </xpath>
</template>


</data></openerp>
