<?xml version="1.0" encoding="utf-8"?>
<openerp><data>

<record model="ir.ui.view" id="crm_case_phone_form_view">
    <field name="model">crm.phonecall</field>
    <field name="inherit_id" ref="crm.crm_case_phone_form_view"/>
    <field name="arch" type="xml">
        <xpath expr="//field[@name='date']" position="after">
            <field name="reminder_alarm_ids" widget="many2many_tags" attrs="{'readonly':[('date','=',False)]}" string="Reminders"/>
        </xpath>
    </field>
</record>

</data></openerp>
