<?xml version="1.0" encoding="utf-8"?>
<!--
##############################################################################
#
#    Project Tags
#    Copyright (C) 2013 Sistemas ADHOC
#    No email
#
#    This program is free software: you can redistribute it and/or modify
#    it under the terms of the GNU Affero General Public License as
#    published by the Free Software Foundation, either version 3 of the
#    License, or (at your option) any later version.
#
#    This program is distributed in the hope that it will be useful,
#    but WITHOUT ANY WARRANTY; without even the implied warranty of
#    MERCHANTABILITY or FITNESS FOR A PARTICULAR PURPOSE.  See the
#    GNU Affero General Public License for more details.
#
#    You should have received a copy of the GNU Affero General Public License
#    along with this program.  If not, see <http://www.gnu.org/licenses/>.
#
##############################################################################

-->
<openerp>
    <data>
	<record model="ir.module.category" id="module_category_project_tags">
	    <field name="name">Project Tags</field>
	    <field name="description">Project Tags</field>
        <field name="sequence">1</field>
        <field name="parent_id" ref="base.module_category_project_management"/>
    </record>

    </data>
</openerp>
<!-- vim:expandtab:smartindent:tabstop=4:softtabstop=4:shiftwidth=4
     -->
