<?xml version="1.0" encoding="UTF-8"?>
<templates id="template" xml:space="preserve">

    <!-- Pack Screen -->
    <t t-name="PackScreenWidget">
        <div id="pack_screen">
            <header>
                <div id="header-packscreen">
                    <div id="screen-packtitle">
                        Customize Pack : <span id="pack_name"/>
                    </div>
                </div>
                <div id="header-pack_comment">
                    <div id="pack_comment">
                        Select an item and its variant (if any) for each line in the Pack, then click "Add Pack" button. Pack will be added to the order with it's own price. Items in the pack will be added too but their prices will be set to 0.00
                    </div>
                </div>
            </header>
             <div id="pack-list-header">
                <div class="table-block">
                    <table class="cust-table-head">
                        <thead id="packs-thead">
                            <tr>
                                <th width="50%">Select items</th>
                                <th width="50%">Select one variant</th>
                            </tr>
                        </thead>
                    </table>
                </div>
                <div class="head-block">.</div>
            </div>
            <div id="pack-list-container">
                <div class='cust-list-scroller'>
                    <table class="cust-table-data">
                        <tbody id="packs-list">
                        </tbody>
                        <tfoot>
                            <tr>
                                <td class="form-button" colspan="2">
                                    <button class="input_cancel_pack" id="input_cancel_pack" style="display: inline;">Cancel</button> 
                                    &#160; &#160; 
                                    <button class="input_add_pack" id="input_add_pack" style="display: inline;">Add the Pack to the order</button>
                                    <input type="hidden" class="nb_items" id="input_nb_items" value="0"/>
                                    <input type="hidden" class="pack_product_id" id="pack_product_id" value="0"/>
                                </td>
                            </tr>
                        </tfoot>
                    </table> 
                    <div class="shadow-top"></div>
                    <span class="placeholder-ScrollbarWidget" />  
                    <div class="cust-table-bot"></div> 
                </div> 
            </div> 
        </div>
    </t>

    <!-- Pack form -->
    <t t-name="PackWidget">
        <tr class="pack_line_top">
            <td width="50%">
                <div class="pack_item_txt">
                    Item <span class="item_number"/>
                </div>
            </td>
            <td width="50%">&#38;nbsp;</td>
        </tr>
        <tr class="pack_line_bottom">
            <td width="50%">
                <div class="pack_template">
                    <select class="pack_item_select" onclick="javascript:void(0)" >
                    </select>
                    <input type="hidden" class="pack_obj" value=""/>
                </div>
            </td>
            <td width="50%">
                <div class="pack_variant">
                    <select class="pack_product_select">
                    </select>
                </div>
            </td>
        </tr>
    </t>

</templates>
