<?xml version="1.0" encoding="utf-8"?>
<openerp>
    <data>

        <!--
          "TG Partner Firstname" module for OpenERP
          The licence is in the file __openerp__.py
          @author Thierry Godin <thierry@lapinmoutardepommedauphine.com>
        -->

    	<!-- Vue formulaire -->
        <record model="ir.ui.view" id="view_tg_partner_form">
        	<field name="model">res.partner</field>
            <field name="name">view.tg.partner.form</field>
            <field name="view_type">form</field>
            <field name="inherit_id" ref="base.view_partner_form"/>
            <field name="arch" type="xml">
                <field name="name" position="after">
                    <h5 class="oe_edit_only">
                        <label for="firstname"/>
                    </h5>
                    <h2>
                        <field name="firstname"/> 
                    </h2>     
                </field>
            </field>
        </record>

        <!-- Vue Tree -->
        <record model="ir.ui.view" id="view_tg_partner_tree">
            <field name="model">res.partner</field>
            <field name="name">view.tg.partner.tree</field>
            <field name="view_type">tree</field>
            <field name="inherit_id" ref="base.view_partner_tree"/>
            <field name="arch" type="xml">
                <field name="display_name" position="after">
                    <field name="firstname" />
                    <field name="zip"/>
                </field>
                <field name="phone" position="after">
                    <field name="mobile"/>
                </field>
                <field name="email" position="after">     
                    <field name="country_id"/>
                </field>
            </field>
        </record>

        <!-- Partner Kanban View -->
        <record model="ir.ui.view" id="base.res_partner_kanban_view">
            <field name="name">res.partner.kanban</field>
            <field name="model">res.partner</field>
            <field name="arch" type="xml">
                <kanban>
                    <field name="color"/>
                    <field name="name"/>
                    <field name="firstname"/>
                    <field name="title"/>
                    <field name="email"/>
                    <field name="parent_id"/>
                    <field name="is_company"/>
                    <field name="function"/>
                    <field name="phone"/>
                    <field name="street"/>
                    <field name="street2"/>
                    <field name="zip"/>
                    <field name="city"/>
                    <field name="country_id"/>
                    <field name="mobile"/>
                    <field name="state_id"/>
                    <field name="category_id"/>
                    <field name="has_image"/>
                    <templates>
                        <t t-name="kanban-box">
                            <div class="oe_kanban_vignette oe_semantic_html_override">
                                <a type="open">
                                    <t t-if="record.has_image.raw_value === true">
                                        <img t-att-src="kanban_image('res.partner', 'image_small', record.id.value)" class="oe_kanban_image"/>
                                    </t>
                                    <t t-if="record.has_image.raw_value === false">
                                        <t t-if="record.is_company.raw_value === true">
                                            <img t-att-src='_s + "/base/static/src/img/company_image.png"' class="oe_kanban_image"/>
                                        </t>
                                        <t t-if="record.is_company.raw_value === false">
                                            <img t-att-src='_s + "/base/static/src/img/avatar.png"' class="oe_kanban_image"/>
                                        </t>
                                    </t>
                                </a>
                                <div class="oe_kanban_details">
                                    <h4 class="oe_partner_heading">
                                        <a type="open"><field name="name"/><br/>
                                        <field name="firstname"/></a>
                                    </h4>
                                    <div class="oe_kanban_partner_categories"/>
                                    <div class="oe_kanban_partner_links"/>
                                    <ul>
                                        <li t-if="record.parent_id.raw_value and !record.function.raw_value"><field name="parent_id"/></li>
                                        <li t-if="!record.parent_id.raw_value and record.function.raw_value"><field name="function"/></li>
                                        <li t-if="record.parent_id.raw_value and record.function.raw_value"><field name="function"/> at <field name="parent_id"/></li>
                                        <li t-if="record.city.raw_value and !record.country_id.raw_value"><field name="city"/></li>
                                        <li t-if="!record.city.raw_value and record.country_id.raw_value"><field name="country_id"/></li>
                                        <li t-if="record.city.raw_value and record.country_id.raw_value"><field name="city"/>, <field name="country_id"/></li>
                                        <li t-if="record.email.raw_value"><a t-attf-href="mailto:#{record.email.raw_value}"><field name="email"/></a></li>
                                    </ul>
                                </div>
                            </div>

                        </t>
                    </templates>
                </kanban>
            </field>
        </record>
    </data>
</openerp>
