<?xml version="1.0" encoding="utf-8"?>
<openerp>
    <data>

<record id="product_template_form_view" model="ir.ui.view">
    <field name="model">product.template</field>
    <field name="inherit_id" ref="product.product_template_form_view"/>
    <field name="arch" type="xml">
		<xpath expr="//group[@name='sale_condition']" position="attributes">
			<attribute name="colspan">2</attribute>
		</xpath>

		<xpath expr="//group[@name='sale_condition']" position="inside">
            <label for="customer_lead_time"/>
            <div>
                <field name="customer_lead_time" class="oe_inline"/> days
            </div>
			<field name="promotion_date"/>
			<field name="price_shop"/>
			<field name="price_special"/>
			<field name="price_platform1"/>
			<field name="price_platform2"/>
		</xpath>
		<xpath expr="//field[@name='description_sale']" position="after">
            <separator string="Description For Shop"/>
            <field name="description_shop" />

            <separator string="Short Description For Shop"/>
            <field name="description_shop_short" />

            <separator string="Description For Platform 1"/>
            <field name="description_platform1" />

            <separator string="Description For Platform 2"/>
            <field name="description_platform2" />

		</xpath>
	</field>
</record>

	</data>
</openerp>
