<?xml version="1.0" encoding="utf-8"?>
<openerp>
    <data>
        <record id="product_template_form_view" model="ir.ui.view">
            <field name="model">product.template</field>
			<field name="inherit_id" ref="product.product_template_form_view"/>
            <field name="arch" type="xml">
				<xpath expr="//group[@name='weight']" position="after">
					<group string="Special Delivery" name="special_delivery">
						<field name="special_delivery"/>
					</group>
				</xpath>
			</field>
		</record>
	</data>
</openerp>
