<?xml version="1.0" encoding="utf-8"?>
<openerp>
	<data>
		<!--
        <record model="ir.ui.view" id="crm_case_form_view_leads">
			<field name="name">CRM - Leads Form</field>
			<field name="model">crm.lead</field>
			<field name="inherit_id" ref="crm.crm_case_form_view_leads"/>
			<field name="arch" type="xml">
				<xpath expr="//field[@name='user_id']" position="after">
					<field name="account_analytic_id" context="{'default_partner_id':partner_id}"/>
				</xpath>
			</field>
		</record>

        <record model="ir.ui.view" id="crm_case_form_view_oppor">
            <field name="name">Opportunities</field>
            <field name="model">crm.lead</field>
			<field name="inherit_id" ref="crm.crm_case_form_view_oppor"/>
			<field name="arch" type="xml">
				<xpath expr="//field[@name='user_id']" position="after">
					<field name="account_analytic_id" context="{'default_partner_id':partner_id}"/>
				</xpath>
			</field>
		</record>
		-->


        <record id="account_analytic_account_form_form" model="ir.ui.view">
            <field name="name">account.analytic.account.invoice.form.inherit</field>
            <field name="model">account.analytic.account</field>
            <field name="inherit_id" ref="account_analytic_analysis.account_analytic_account_form_form"/>
            <field name="arch" type="xml">
				<xpath expr="//notebook" position="before">
					<field name="category_id" widget="many2many_tags" placeholder="Tags..."/>
				</xpath>
				<!--
				<xpath expr="//notebook" position="inside">
					<page string="Leads">
						<field name="lead_ids"/>
					</page>
				</xpath>
				-->
				<xpath expr="//field[@name='company_id']" position="after">
						<field name="project_id"/>
				</xpath>
			</field>
		</record>

        <record id="edit_project" model="ir.ui.view">
            <field name="name">project.project.form</field>
            <field name="model">project.project</field>
			<field name="inherit_id" ref="project.edit_project"/>
            <field name="arch" type="xml">
				<xpath expr="//notebook" position="before">
					<field name="category_id" widget="many2many_tags" placeholder="Tags..."/>
				</xpath>
				<xpath expr="//field[@name='members']" position="before">
					<separator string="Stuff"/>
				</xpath>
				<xpath expr="//field[@name='members']" position="after">
					<separator string="Suppliers"/>
					<field name="suppliers_subscribed" invisible="1"/>
					<button string="Subscribe all suppliers" attrs="{'invisible':['|', ('suppliers_subscribed','=', True)]}" type="object" name="subscribe_suppliers"/>
					<field name="supplier_ids"/>
				</xpath>
			</field>
		</record>

        <!-- Categories -->
        <record id="view_contract_category_form" model="ir.ui.view">
            <field name="name">Contract Tags</field>
            <field name="model">contract.category</field>
            <field name="arch" type="xml">
                <form string="Contract Tag">
                    <group col="4">
                        <field name="name"/>
                        <field name="active"/>
                        <field name="parent_id"/>
                    </group>
                </form>
            </field>
        </record>
        <record id="view_contract_category_list" model="ir.ui.view">
            <field name="name">Contract Tags</field>
            <field name="model">contract.category</field>
            <field eval="6" name="priority"/>
            <field name="arch" type="xml">
                <tree string="Contract Tags">
                    <field name="complete_name"/>
                </tree>
            </field>
        </record>
        <record id="view_contract_category_tree" model="ir.ui.view">
            <field name="name">contract.category.tree</field>
            <field name="model">contract.category</field>
            <field name="field_parent">child_ids</field>
            <field name="arch" type="xml">
                <tree toolbar="1" string="Contract Tags">
                    <field name="name"/>
                </tree>
            </field>
        </record>

        <record id="action_contract_category_form" model="ir.actions.act_window">
            <field name="name">Contract Tags</field>
            <field name="type">ir.actions.act_window</field>
            <field name="res_model">contract.category</field>
            <field name="view_type">form</field>
            <field name="help" type="html">
              <p class="oe_view_nocontent_create">
                Click to create a new contract tags.
              </p><p>
                Manage the contract tags to better classify them for tracking and analysis purposes.
                A contract may have several tags and tags have a hierarchical structure: a contract with a tag has also the parent tags.
              </p>
            </field>
        </record>

        <menuitem action="action_contract_category_form" id="menu_contract_category_form" name="Contract Tags" sequence="4" parent="base.menu_base_config" groups="base.group_no_one"/>

	</data>
</openerp>
