<?xml version="1.0" encoding="utf-8"?>
<openerp><data>

    <template id="menu_secondary" inherit_id="web.menu_secondary" priority="32">
        <xpath expr="//div[@class='oe_footer']" position="replace">
            <div class="oe_footer">
                <span>Supported by <a target="_new" t-att-href="request.env['ir.config_parameter'].get_param('support_branding.company_url')" t-att-style="'color: ' + request.env['ir.config_parameter'].get_param('support_branding.company_color')"><t t-esc="request.env['ir.config_parameter'].get_param('support_branding.company_name')" /></a></span>
                <div t-if="request.env['ir.config_parameter'].get_param('support_branding.release')">Version <t t-esc="request.env['ir.config_parameter'].get_param('support_branding.release')" /></div>
            </div>
        </xpath>
    </template>

</data></openerp>
