<?xml version="1.0" encoding="utf-8"?>
<openerp>
    <data>
        <record model="ir.module.category" id="module_category_custom">
            <field name="name">Custom Access Rights (Levels)</field>
            <field name="sequence">-2</field>
        </record>

		<!--  access groups -->
		<record id="group_archived_leads" model="res.groups">
			<field name="name">User: All Leads (include archived)</field>
			<field name="category_id" ref="module_category_custom"/>
			<field name="implied_ids" eval="[(4, ref('base.group_sale_salesman_all_leads'))]"/>
		</record>
		<record id="group_project_manager_archived" model="res.groups">
			<field name="name">Project Manager (include archived)</field>
			<field name="category_id" ref="module_category_custom"/>
			<field name="implied_ids" eval="[(4, ref('project.group_project_user'))]"/>
			<field name="users" eval="[(4, ref('base.user_root'))]"/>
		</record>

        <record model="res.groups" id="group_employee_private_information">
            <field name="name">employee_private_information</field>
            <field name="category_id" ref="module_category_custom"/>
			<field name="comment">Allows to view "Personal information" and "HR Settings" tabs in employee form</field>
		</record>

        <record model="res.groups" id="group_hr_timesheet_all">
            <field name="name">hr_timesheet_all</field>
            <field name="category_id" ref="module_category_custom"/>
			<field name="comment">Access to timesheets of all employees</field>
		</record>

        <record model="res.groups" id="group_hr_expenses_all">
            <field name="name">hr_expenses_all</field>
            <field name="category_id" ref="module_category_custom"/>
			<field name="comment">Access to expenses of all employees</field>
		</record>

        <record model="res.groups" id="group_show_built_in_sale_buttons">
            <field name="name">show_built_in_sale_buttons</field>
            <field name="category_id" ref="module_category_custom"/>
		</record>

        <record model="res.groups" id="group_view_marketing_menu">
            <field name="name">view_marketing_menu</field>
			<field name="menu_access" eval="[(4,ref('base.marketing_menu'))]"/>
            <field name="category_id" ref="module_category_custom"/>
		</record>

        <record model="res.groups" id="group_authorize_salaries">
            <field name="name">authorize_salaries</field>
			<field name="implied_ids" eval="[(4, ref('base.group_hr_user'))]"/>
            <field name="category_id" ref="module_category_custom"/>
        </record>

        <record model="res.groups" id="group_view_salaries">
            <field name="name">view_salaries (not implemented)</field>
            <field name="category_id" ref="module_category_custom"/>
		</record>

        <record model="res.groups" id="group_legal_contracts_full_rights">
            <field name="name">legal_contracts_full_rights</field>
            <field name="category_id" ref="module_category_custom"/>
			<field name="menu_access" eval="[(4,ref('base.menu_base_partner'))]"/>
		</record>

        <record model="res.groups" id="group_view_legal_contracts">
            <field name="name">view_legal_contracts (not implemented)</field>
            <field name="category_id" ref="module_category_custom"/>
		</record>

        <record model="res.groups" id="group_financials_full_authrisation">
            <field name="name">financials_full_authrisation</field>
			<field name="implied_ids" eval="[(4, ref('account.group_account_manager'))]"/>
            <field name="category_id" ref="module_category_custom"/>
		</record>

        <record model="res.groups" id="group_invoicing">
            <field name="name">invoicing</field>
			<field name="implied_ids" eval="[(4, ref('account.group_account_invoice'))]"/>
            <field name="category_id" ref="module_category_custom"/>
		</record>

        <record model="res.groups" id="group_view_financials">
            <field name="name">view_financials</field>
			<field name="implied_ids" eval="[(4, ref('account.group_account_user'))]"/>
            <field name="category_id" ref="module_category_custom"/>
		</record>

        <record model="res.groups" id="group_sales_full_rights">
            <field name="name">sales_full_rights</field>
			<field name="implied_ids" eval="[(4, ref('base.group_sale_manager')),(4, ref('sale.group_invoice_so_lines')),(4, ref('sale.group_delivery_invoice_address')),(4, ref('sale.group_mrp_properties')),(4, ref('sale.group_discount_per_so_line')),(4, ref('sale.group_analytic_accounting'))]"/>
            <field name="category_id" ref="module_category_custom"/>
		</record>

        <record model="res.groups" id="group_view_sales_each_sales_person">
            <field name="name">view_sales_each_sales_person</field>
			<field name="implied_ids" eval="[(4, ref('base.group_sale_salesman'))]"/>
            <field name="category_id" ref="module_category_custom"/>
		</record>

        <record model="res.groups" id="group_view_full_sales_funnel">
            <field name="name">view_full_sales_funnel</field>
			<field name="implied_ids" eval="[(4, ref('base.group_sale_salesman_all_leads'))]"/>
            <field name="category_id" ref="module_category_custom"/>
		</record>

        <record model="res.groups" id="group_projects_full_authorisation">
            <field name="name">projects_full_authorisation</field>
			<field name="implied_ids" eval="[(4, ref('project.group_project_manager')), (4, ref('project.group_tasks_work_on_tasks')), (4, ref('project.group_time_work_estimation_tasks')), (4, ref('project.group_delegate_task'))]"/>
            <field name="category_id" ref="module_category_custom"/>
		</record>

        <record model="res.groups" id="group_create_projects">
            <field name="name">create_projects</field>
            <field name="category_id" ref="module_category_custom"/>
			<field name="implied_ids" eval="[(4, ref('project.group_project_user'))]"/>
		</record>

        <record model="res.groups" id="group_view_projects">
            <field name="name">view_projects</field>
            <field name="category_id" ref="module_category_custom"/>
			<field name="implied_ids" eval="[(4, ref('project.group_project_user'))]"/>
		</record>

        <record model="res.groups" id="group_contracts_renew">
            <field name="name">contracts_renew (TODO)</field>
            <field name="category_id" ref="module_category_custom"/>
		</record>

        <record model="res.groups" id="group_authorise_time_sheets">
            <field name="name">authorise_time_sheets</field>
			<field name="implied_ids" eval="[(4, ref('base.group_hr_user'))]"/>
            <field name="category_id" ref="module_category_custom"/>
		</record>

        <record model="res.groups" id="group_view_time_sheet">
            <field name="name">view_time_sheet</field>
			<field name="menu_access" eval="[(4,ref('hr_timesheet_sheet.menu_act_hr_timesheet_sheet_form'))]"/>
            <field name="category_id" ref="module_category_custom"/>
		</record>

        <record model="res.groups" id="group_purchases_full_rights">
            <field name="name">purchases_full_rights</field>
			<field name="implied_ids" eval="[(4, ref('purchase.group_purchase_manager')),(4, ref('purchase.group_analytic_accounting')),(4, ref('purchase.group_advance_bidding'))]"/>
            <field name="category_id" ref="module_category_custom"/>
		</record>

        <record model="res.groups" id="group_view_purchases">
            <field name="name">view_purchases</field>
            <field name="category_id" ref="module_category_custom"/>
			<field name="menu_access" eval="[(4,ref('base.menu_purchase_root'))]"/>
		</record>

        <record model="res.groups" id="group_request_purchases">
            <field name="name">request_purchases (TODO)</field>
            <field name="category_id" ref="module_category_custom"/>
		</record>

        <record model="res.groups" id="group_request_for_quotation">
            <field name="name">request_for_quotation</field>
            <field name="category_id" ref="module_category_custom"/>
		</record>

        <record model="res.groups" id="group_creating_products">
            <field name="name">creating_products</field>
            <field name="category_id" ref="module_category_custom"/>
		</record>

        <record model="res.groups" id="group_viewing_products">
            <field name="name">viewing_products</field>
            <field name="category_id" ref="module_category_custom"/>
		</record>

        <record model="res.groups" id="group_recruitment_full_rights">
            <field name="name">recruitment_full_rights</field>
			<field name="implied_ids" eval="[(4, ref('base.group_hr_manager'))]"/>
            <field name="category_id" ref="module_category_custom"/>
		</record>

        <record model="res.groups" id="group_view_recruitment">
            <field name="name">view_recruitment</field>
            <field name="category_id" ref="module_category_custom"/>
		</record>

        <record model="res.groups" id="group_leaves_full_rights">
            <field name="name">leaves_full_rights</field>
			<field name="implied_ids" eval="[(4, ref('base.group_hr_manager'))]"/>
            <field name="category_id" ref="module_category_custom"/>
		</record>

        <record model="res.groups" id="group_view_leaves">
            <field name="name">view_leaves</field>
            <field name="category_id" ref="module_category_custom"/>
		</record>

        <record model="res.groups" id="group_view_employees">
            <field name="name">view_employees</field>
		    <field name="category_id" ref="module_category_custom"/>
		</record>

        <record model="res.groups" id="group_edit_employees_each_employee">
            <field name="name">edit_employees_each_employee</field>
            <field name="category_id" ref="module_category_custom"/>
			<field name="comment">Allows to employee edit own form</field>
		</record>

        <record model="res.groups" id="group_appraisals_full_rights">
            <field name="name">appraisals_full_rights</field>
			<field name="implied_ids" eval="[(4, ref('base.group_hr_manager')),(4, ref('group_view_marketing_menu'))]"/>
            <field name="category_id" ref="module_category_custom"/>
		</record>

        <record model="res.groups" id="group_appraisals_view_each_person">
            <field name="name">appraisals_view_each_person (FIXME)</field>
            <field name="category_id" ref="module_category_custom"/>
			<field name="implied_ids" eval="[(4, ref('group_view_marketing_menu'))]"/>
		</record>

        <record model="res.groups" id="group_knowledge">
            <field name="name">knowledge (TODO)</field>
            <field name="category_id" ref="module_category_custom"/>
		</record>

        <record model="res.groups" id="group_access_documents">
            <field name="name">access_documents</field>
			<!--<field name="implied_ids" eval="[(4, ref('base.group_hr_manager'))]"/>-->
			<field name="menu_access" eval="[(4,ref('base.menu_action_attachment')),(4,ref('base.menu_custom'))]"/>
            <field name="category_id" ref="module_category_custom"/>
		</record>

        <record model="res.groups" id="group_access_specific_documents">
            <field name="name">access_specific_documents (already built-in)</field>
            <field name="category_id" ref="module_category_custom"/>
		</record>

        <record model="res.groups" id="group_reporting_full_rights">
            <field name="name">reporting_full_rights</field>
			<field name="menu_access" eval="[(4,ref('board.menu_board_create'))]"/>
            <field name="category_id" ref="module_category_custom"/>
		</record>


        <record model="res.groups" id="base.group_user">
			<field name="menu_access" eval="[(3,ref('base.menu_reporting')),(3,ref('base.marketing_menu'))]"/> <!-- delete -->
		</record>
        <record model="res.groups" id="group_view_reporting">
            <field name="name">view_reporting</field>
			<field name="menu_access" eval="[(4,ref('base.menu_reporting'))]"/>
            <field name="category_id" ref="module_category_custom"/>
		</record>



        <record model="res.groups" id="group_all_settings_and_configurations">
            <field name="name">all_settings_and_configurations</field>
			<field name="implied_ids" eval="[(4, ref('base.group_no_one'))]"/>
            <field name="category_id" ref="module_category_custom"/>
		</record>





		<!-- Rules -->
		<record model="ir.rule" id="rule_hr_employee_edit_myself">
            <field name="name">hr.employee: edit myself</field>
            <field name="model_id" ref="hr.model_hr_employee"/>
            <field name="domain_force">[('user_id', '=', user.id)]</field>
            <field name="groups" eval="[(4, ref('group_edit_employees_each_employee'))]"/>
            <field name="perm_read" eval="True"/>
            <field name="perm_write" eval="True"/>
            <field name="perm_create" eval="False"/>
            <field name="perm_unlink" eval="False"/>
            <field name="global" eval="False"/>
		</record>

		<record model="ir.rule" id="rule_resource_edit_myself">
            <field name="name">resource.resource: edit myself</field>
            <field name="model_id" ref="resource.model_resource_resource"/>
            <field name="domain_force">[('user_id', '=', user.id)]</field>
            <field name="groups" eval="[(4, ref('group_edit_employees_each_employee'))]"/>
            <field name="perm_read" eval="True"/>
            <field name="perm_write" eval="True"/>
            <field name="perm_create" eval="False"/>
            <field name="perm_unlink" eval="False"/>
            <field name="global" eval="False"/>
		</record>

		<record model="ir.rule" id="rule_resource_view_all">
            <field name="name">resource.resource: view all</field>
            <field name="model_id" ref="resource.model_resource_resource"/>
            <field name="domain_force">[(1, '=', 1)]</field>
            <field name="groups" eval="[(4, ref('group_view_employees'))]"/>
            <field name="perm_read" eval="True"/>
            <field name="perm_write" eval="False"/>
            <field name="perm_create" eval="False"/>
            <field name="perm_unlink" eval="False"/>
            <field name="global" eval="False"/>
		</record>

		<record model="ir.rule" id="rule_hr_employee_view_all">
            <field name="name">hr.employee: view all</field>
            <field name="model_id" ref="hr.model_hr_employee"/>
            <field name="domain_force">[(1, '=', 1)]</field>
            <field name="groups" eval="[(4, ref('group_view_employees'))]"/>
            <field name="perm_read" eval="True"/>
            <field name="perm_create" eval="False"/>
            <field name="perm_unlink" eval="False"/>
            <field name="perm_write" eval="False"/>
            <field name="global" eval="False"/>
		</record>

		<record model="ir.rule" id="rule_hr_holidays_view_all">
            <field name="name">hr.holidays: view all</field>
            <field name="model_id" ref="hr_holidays.model_hr_holidays"/>
            <field name="domain_force">[(1, '=', 1)]</field>
            <field name="groups" eval="[(4, ref('group_view_leaves'))]"/>
            <field name="perm_read" eval="True"/>
            <field name="perm_create" eval="False"/>
            <field name="perm_unlink" eval="False"/>
            <field name="perm_write" eval="False"/>
            <field name="global" eval="False"/>
		</record>

		<delete model="ir.rule" id="hr_expense.property_rule_expense_manager"/>
		<delete model="ir.rule" id="hr_timesheet.property_rule_timesheet_manager"/>
        <record id="property_rule_expense_manager" model="ir.rule">
            <field name="name">Manager Expense (custom)</field>
            <field name="model_id" ref="hr_expense.model_hr_expense_expense"/>
            <field name="domain_force">[(1,'=',1)]</field>
            <field name="groups" eval="[(4,ref('access_custom.group_hr_expenses_all'))]"/>
        </record>

        <record id="property_rule_timesheet_manager" model="ir.rule">
            <field name="name">Manager HR Analytic Timesheet (custom)</field>
            <field name="model_id" ref="hr_timesheet.model_hr_analytic_timesheet"/>
            <field name="domain_force">[(1,'=',1)]</field>
            <field name="groups" eval="[(4,ref('access_custom.group_hr_timesheet_all'))]"/>
        </record>


		<delete model="ir.rule" id="crm.crm_rule_personal_lead"/>
		<delete model="ir.rule" id="crm.crm_rule_all_lead"/>
		<record id="crm_rule_personal_lead" model="ir.rule">
			<field name="name">Personal Leads</field>
			<field ref="crm.model_crm_lead" name="model_id"/>
			<field name="domain_force">[('archived','=',False),'|',('user_id','=',user.id),('user_id','=',False)]</field>
			<field name="groups" eval="[(4, ref('base.group_sale_salesman'))]"/>
			<field name="perm_unlink" eval="False"/>
		</record>
		<record id="crm_rule_all_lead" model="ir.rule">
			<field name="name">All Leads</field>
			<field ref="crm.model_crm_lead" name="model_id"/>
			<field name="domain_force">[('archived','=',False)]</field>
			<field name="groups" eval="[(4, ref('base.group_sale_salesman_all_leads'))]"/>
			<field name="perm_unlink" eval="False"/>
		</record>

		<record id="crm_rule_all_lead_archived" model="ir.rule">
			<field name="name">All Leads</field>
			<field ref="crm.model_crm_lead" name="model_id"/>
			<field name="domain_force">[(1,'=',1)]</field>
            <field name="perm_unlink" eval="False"/>
			<field name="groups" eval="[(4, ref('access_custom.group_archived_leads'))]"/>
		</record>

		<delete model="ir.rule" id="project.project_comp_rule"/>
		<delete model="ir.rule" id="project.project_project_manager_rule"/>
		<delete model="ir.rule" id="project.project_public_members_rule"/>
		<delete model="ir.rule" id="project.task_comp_rule"/>
		<delete model="ir.rule" id="project.task_visibility_rule"/>
		<delete model="ir.rule" id="project.project_manager_all_project_tasks_rule"/>

    <record model="ir.rule" id="project_comp_rule">
        <field name="name">Project: multi-company</field>
        <field name="model_id" ref="project.model_project_project"/>
        <field name="global" eval="True"/>
        <field name="domain_force">[('archived','=',False),'|',
                                        ('company_id', '=', False),
                                        ('company_id', 'child_of', [user.company_id.id]),
                                    ]</field>
		<field name="perm_unlink" eval="False"/>
    </record>

    <record model="ir.rule" id="project_project_manager_rule">
        <field name="name">Project: project manager: see all</field>
        <field name="model_id" ref="project.model_project_project"/>
        <field name="domain_force">[('archived','=',False),(1, '=', 1)]</field>
        <field name="groups" eval="[(4,ref('project.group_project_manager'))]"/>
        <field name="perm_unlink" eval="False"/>
    </record>

    <record model="ir.rule" id="project_public_members_rule">
        <field name="name">Project: employees: public, employees or followers</field>
        <field name="model_id" ref="project.model_project_project"/>
        <field name="domain_force">[('archived','=',False),'|',
                                        ('privacy_visibility', 'in', ['public', 'employees']),
                                        ('message_follower_ids', 'in', [user.partner_id.id])
                                    ]</field>
        <field name="groups" eval="[(4, ref('base.group_user'))]"/>
		<field name="perm_unlink" eval="False"/>
    </record>

    <record model="ir.rule" id="task_comp_rule">
        <field name="name">Project/Task: multi-company</field>
        <field name="model_id" ref="project.model_project_task"/>
        <field name="global" eval="True"/>
        <field name="domain_force">[('archived','=',False),'|',
                                        ('company_id', '=', False),
                                        ('company_id', 'child_of', [user.company_id.id]),
                                    ]</field>
		<field name="perm_unlink" eval="False"/>
    </record>

    <record model="ir.rule" id="task_visibility_rule">
        <field name="name">Project/Task: employees: public or employee or (followers and following)</field>
        <field name="model_id" ref="project.model_project_task"/>
        <field name="domain_force">[('archived','=',False),'|',
                                        ('project_id.privacy_visibility', 'in', ['public', 'employees']),
                                        '&amp;',
                                            ('project_id.privacy_visibility', '=', 'followers'),
                                            ('message_follower_ids', 'in', [user.partner_id.id]),
                                    ]</field>
        <field name="groups" eval="[(4,ref('base.group_user'))]"/>
		<field name="perm_unlink" eval="False"/>
    </record>

    <record model="ir.rule" id="project_manager_all_project_tasks_rule">
        <field name="name">Project/Task: project manager: see all</field>
        <field name="model_id" ref="project.model_project_task"/>
        <field name="domain_force">[('archived','=',False),(1, '=', 1)]</field>
        <field name="groups" eval="[(4,ref('project.group_project_manager'))]"/>
		<field name="perm_unlink" eval="False"/>
    </record>

    <record model="ir.rule" id="project_manager_all_project_tasks_rule_archived">
        <field name="name">Project/Task: project manager: see all (include archived)</field>
        <field name="model_id" ref="project.model_project_task"/>
        <field name="domain_force">[(1, '=', 1)]</field>
        <field name="groups" eval="[(4,ref('access_custom.group_project_manager_archived'))]"/>
        <field name="perm_unlink" eval="False"/>
    </record>

    <record model="ir.rule" id="project_project_manager_rule_archived">
        <field name="name">Project: project manager: see all (include archived)</field>
        <field name="model_id" ref="project.model_project_project"/>
        <field name="domain_force">[(1, '=', 1)]</field>
        <field name="groups" eval="[(4,ref('access_custom.group_project_manager_archived'))]"/>
        <field name="perm_unlink" eval="False"/>
    </record>


    </data>
	<data noupdate="1">
		<!-- Named groups -->
		<record model="res.groups" id="group_administrator">
            <field name="name">Administrator</field>
			<field name="custom" eval="True"/>
            <field name="category_id" ref="access_base.module_category_custom"/>
			<field name="implied_ids" eval="[(4,ref('access_custom.group_authorize_salaries')),(4,ref('access_custom.group_view_salaries')),(4,ref('access_custom.group_legal_contracts_full_rights')),(4,ref('access_custom.group_financials_full_authrisation')),(4,ref('access_custom.group_invoicing')),(4,ref('access_custom.group_view_financials')),(4,ref('access_custom.group_sales_full_rights')),(4,ref('access_custom.group_view_sales_each_sales_person')),(4,ref('access_custom.group_view_full_sales_funnel')),(4,ref('access_custom.group_projects_full_authorisation')),(4,ref('access_custom.group_create_projects')),(4,ref('access_custom.group_view_projects')),(4,ref('access_custom.group_contracts_renew')),(4,ref('access_custom.group_authorise_time_sheets')),(4,ref('access_custom.group_view_time_sheet')),(4,ref('access_custom.group_purchases_full_rights')),(4,ref('access_custom.group_view_purchases')),(4,ref('access_custom.group_request_purchases')),(4,ref('access_custom.group_request_for_quotation')),(4,ref('access_custom.group_creating_products')),(4,ref('access_custom.group_viewing_products')),(4,ref('access_custom.group_recruitment_full_rights')),(4,ref('access_custom.group_view_recruitment')),(4,ref('access_custom.group_leaves_full_rights')),(4,ref('access_custom.group_view_leaves')),(4,ref('access_custom.group_view_employees')),(4,ref('access_custom.group_edit_employees_each_employee')),(4,ref('access_custom.group_appraisals_full_rights')),(4,ref('access_custom.group_appraisals_view_each_person')),(4,ref('access_custom.group_knowledge')),(4,ref('access_custom.group_access_documents')),(4,ref('access_custom.group_access_specific_documents')),(4,ref('access_custom.group_reporting_full_rights')),(4,ref('access_custom.group_view_reporting')),(4,ref('access_custom.group_all_settings_and_configurations')),]"/>
        </record>
		<record model="res.groups" id="group_managing_director">
            <field name="name">Managing_Director</field>
			<field name="custom" eval="True"/>
            <field name="category_id" ref="access_base.module_category_custom"/>
			<field name="implied_ids" eval="[(4,ref('access_custom.group_authorize_salaries')),(4,ref('access_custom.group_view_salaries')),(4,ref('access_custom.group_legal_contracts_full_rights')),(4,ref('access_custom.group_financials_full_authrisation')),(4,ref('access_custom.group_invoicing')),(4,ref('access_custom.group_view_financials')),(4,ref('access_custom.group_sales_full_rights')),(4,ref('access_custom.group_view_sales_each_sales_person')),(4,ref('access_custom.group_view_full_sales_funnel')),(4,ref('access_custom.group_projects_full_authorisation')),(4,ref('access_custom.group_create_projects')),(4,ref('access_custom.group_view_projects')),(4,ref('access_custom.group_contracts_renew')),(4,ref('access_custom.group_authorise_time_sheets')),(4,ref('access_custom.group_view_time_sheet')),(4,ref('access_custom.group_purchases_full_rights')),(4,ref('access_custom.group_view_purchases')),(4,ref('access_custom.group_request_purchases')),(4,ref('access_custom.group_request_for_quotation')),(4,ref('access_custom.group_creating_products')),(4,ref('access_custom.group_viewing_products')),(4,ref('access_custom.group_recruitment_full_rights')),(4,ref('access_custom.group_view_recruitment')),(4,ref('access_custom.group_leaves_full_rights')),(4,ref('access_custom.group_view_leaves')),(4,ref('access_custom.group_view_employees')),(4,ref('access_custom.group_edit_employees_each_employee')),(4,ref('access_custom.group_appraisals_full_rights')),(4,ref('access_custom.group_appraisals_view_each_person')),(4,ref('access_custom.group_knowledge')),(4,ref('access_custom.group_access_documents')),(4,ref('access_custom.group_access_specific_documents')),(4,ref('access_custom.group_reporting_full_rights')),(4,ref('access_custom.group_view_reporting')),(4,ref('access_custom.group_all_settings_and_configurations')),]"/>
        </record>

		<record model="res.groups" id="group_finance1">
            <field name="name">Finance1</field>
			<field name="custom" eval="True"/>
            <field name="category_id" ref="access_base.module_category_custom"/>
			<field name="implied_ids" eval="[(4,ref('access_custom.group_authorize_salaries')),(4,ref('access_custom.group_view_salaries')),(4,ref('access_custom.group_legal_contracts_full_rights')),(4,ref('access_custom.group_financials_full_authrisation')),(4,ref('access_custom.group_invoicing')),(4,ref('access_custom.group_view_financials')),(4,ref('access_custom.group_sales_full_rights')),(4,ref('access_custom.group_view_sales_each_sales_person')),(4,ref('access_custom.group_view_full_sales_funnel')),(4,ref('access_custom.group_projects_full_authorisation')),(4,ref('access_custom.group_create_projects')),(4,ref('access_custom.group_view_projects')),(4,ref('access_custom.group_contracts_renew')),(4,ref('access_custom.group_authorise_time_sheets')),(4,ref('access_custom.group_view_time_sheet')),(4,ref('access_custom.group_purchases_full_rights')),(4,ref('access_custom.group_view_purchases')),(4,ref('access_custom.group_request_purchases')),(4,ref('access_custom.group_request_for_quotation')),(4,ref('access_custom.group_creating_products')),(4,ref('access_custom.group_viewing_products')),(4,ref('access_custom.group_recruitment_full_rights')),(4,ref('access_custom.group_view_recruitment')),(4,ref('access_custom.group_leaves_full_rights')),(4,ref('access_custom.group_view_leaves')),(4,ref('access_custom.group_view_employees')),(4,ref('access_custom.group_edit_employees_each_employee')),(4,ref('access_custom.group_appraisals_full_rights')),(4,ref('access_custom.group_appraisals_view_each_person')),(4,ref('access_custom.group_knowledge')),(4,ref('access_custom.group_access_documents')),(4,ref('access_custom.group_access_specific_documents')),(4,ref('access_custom.group_reporting_full_rights')),(4,ref('access_custom.group_view_reporting')),(4,ref('access_custom.group_all_settings_and_configurations')),]"/>
        </record>
		<record model="res.groups" id="group_admin1">
            <field name="name">Admin1</field>
			<field name="custom" eval="True"/>
            <field name="category_id" ref="access_base.module_category_custom"/>
			<field name="implied_ids" eval="[(4,ref('access_custom.group_authorize_salaries')),(4,ref('access_custom.group_view_salaries')),(4,ref('access_custom.group_legal_contracts_full_rights')),(4,ref('access_custom.group_financials_full_authrisation')),(4,ref('access_custom.group_invoicing')),(4,ref('access_custom.group_view_financials')),(4,ref('access_custom.group_sales_full_rights')),(4,ref('access_custom.group_view_sales_each_sales_person')),(4,ref('access_custom.group_view_full_sales_funnel')),(4,ref('access_custom.group_projects_full_authorisation')),(4,ref('access_custom.group_create_projects')),(4,ref('access_custom.group_view_projects')),(4,ref('access_custom.group_contracts_renew')),(4,ref('access_custom.group_authorise_time_sheets')),(4,ref('access_custom.group_view_time_sheet')),(4,ref('access_custom.group_purchases_full_rights')),(4,ref('access_custom.group_view_purchases')),(4,ref('access_custom.group_request_purchases')),(4,ref('access_custom.group_request_for_quotation')),(4,ref('access_custom.group_creating_products')),(4,ref('access_custom.group_viewing_products')),(4,ref('access_custom.group_recruitment_full_rights')),(4,ref('access_custom.group_view_recruitment')),(4,ref('access_custom.group_leaves_full_rights')),(4,ref('access_custom.group_view_leaves')),(4,ref('access_custom.group_view_employees')),(4,ref('access_custom.group_edit_employees_each_employee')),(4,ref('access_custom.group_appraisals_full_rights')),(4,ref('access_custom.group_appraisals_view_each_person')),(4,ref('access_custom.group_knowledge')),(4,ref('access_custom.group_access_documents')),(4,ref('access_custom.group_access_specific_documents')),(4,ref('access_custom.group_reporting_full_rights')),(4,ref('access_custom.group_view_reporting')),(4,ref('access_custom.group_all_settings_and_configurations')),]"/>
        </record>
		<record model="res.groups" id="group_finance2">
            <field name="name">Finance2</field>
			<field name="custom" eval="True"/>
            <field name="category_id" ref="access_base.module_category_custom"/>
			<field name="implied_ids" eval="[(4,ref('access_custom.group_invoicing')),(4,ref('access_custom.group_view_financials')),(4,ref('access_custom.group_view_sales_each_sales_person')),(4,ref('access_custom.group_view_full_sales_funnel')),(4,ref('access_custom.group_create_projects')),(4,ref('access_custom.group_view_projects')),(4,ref('access_custom.group_view_time_sheet')),(4,ref('access_custom.group_view_purchases')),(4,ref('access_custom.group_request_purchases')),(4,ref('access_custom.group_creating_products')),(4,ref('access_custom.group_viewing_products')),(4,ref('access_custom.group_view_leaves')),(4,ref('access_custom.group_view_employees')),(4,ref('access_custom.group_edit_employees_each_employee')),(4,ref('access_custom.group_appraisals_view_each_person')),(4,ref('access_custom.group_access_documents')),(4,ref('access_custom.group_access_specific_documents')),	]"/>
        </record>
		<record model="res.groups" id="group_admin2">
            <field name="name">Admin2</field>
			<field name="custom" eval="True"/>
            <field name="category_id" ref="access_base.module_category_custom"/>
			<field name="implied_ids" eval="[(4,ref('access_custom.group_invoicing')),(4,ref('access_custom.group_view_financials')),(4,ref('access_custom.group_view_sales_each_sales_person')),(4,ref('access_custom.group_view_full_sales_funnel')),(4,ref('access_custom.group_create_projects')),(4,ref('access_custom.group_view_projects')),(4,ref('access_custom.group_view_time_sheet')),(4,ref('access_custom.group_view_purchases')),(4,ref('access_custom.group_request_purchases')),(4,ref('access_custom.group_creating_products')),(4,ref('access_custom.group_viewing_products')),(4,ref('access_custom.group_view_leaves')),(4,ref('access_custom.group_view_employees')),(4,ref('access_custom.group_edit_employees_each_employee')),(4,ref('access_custom.group_appraisals_view_each_person')),(4,ref('access_custom.group_access_documents')),(4,ref('access_custom.group_access_specific_documents')),	]"/>
        </record>
		<record model="res.groups" id="group_director">
            <field name="name">Director</field>
			<field name="custom" eval="True"/>
            <field name="category_id" ref="access_base.module_category_custom"/>
			<field name="implied_ids" eval="[(4,ref('access_custom.group_legal_contracts_full_rights')),(4,ref('access_custom.group_invoicing')),(4,ref('access_custom.group_projects_full_authorisation')),(4,ref('access_custom.group_create_projects')),(4,ref('access_custom.group_view_projects')),(4,ref('access_custom.group_contracts_renew')),(4,ref('access_custom.group_authorise_time_sheets')),(4,ref('access_custom.group_view_time_sheet')),(4,ref('access_custom.group_purchases_full_rights')),(4,ref('access_custom.group_view_purchases')),(4,ref('access_custom.group_request_purchases')),(4,ref('access_custom.group_request_for_quotation')),(4,ref('access_custom.group_creating_products')),(4,ref('access_custom.group_viewing_products')),(4,ref('access_custom.group_recruitment_full_rights')),(4,ref('access_custom.group_view_recruitment')),(4,ref('access_custom.group_leaves_full_rights')),(4,ref('access_custom.group_view_leaves')),(4,ref('access_custom.group_view_employees')),(4,ref('access_custom.group_edit_employees_each_employee')),(4,ref('access_custom.group_appraisals_full_rights')),(4,ref('access_custom.group_appraisals_view_each_person')),(4,ref('access_custom.group_access_documents')),(4,ref('access_custom.group_access_specific_documents')),(4,ref('access_custom.group_reporting_full_rights')),(4,ref('access_custom.group_view_reporting')),(4,ref('access_custom.group_all_settings_and_configurations')),]"/>
        </record>
		<record model="res.groups" id="group_senior_manager">
            <field name="name">Senior_Manager</field>
			<field name="custom" eval="True"/>
            <field name="category_id" ref="access_base.module_category_custom"/>
			<field name="implied_ids" eval="[(4,ref('access_custom.group_invoicing')),(4,ref('access_custom.group_projects_full_authorisation')),(4,ref('access_custom.group_create_projects')),(4,ref('access_custom.group_view_projects')),(4,ref('access_custom.group_authorise_time_sheets')),(4,ref('access_custom.group_view_time_sheet')),(4,ref('access_custom.group_request_purchases')),(4,ref('access_custom.group_request_for_quotation')),(4,ref('access_custom.group_creating_products')),(4,ref('access_custom.group_viewing_products')),(4,ref('access_custom.group_view_employees')),(4,ref('access_custom.group_edit_employees_each_employee')),(4,ref('access_custom.group_access_specific_documents')),	]"/>
        </record>
		<record model="res.groups" id="group_manager">
            <field name="name">Manager</field>
			<field name="custom" eval="True"/>
            <field name="category_id" ref="access_base.module_category_custom"/>
			<field name="implied_ids" eval="[(4,ref('access_custom.group_invoicing')),(4,ref('access_custom.group_view_projects')),(4,ref('access_custom.group_authorise_time_sheets')),(4,ref('access_custom.group_request_purchases')),(4,ref('access_custom.group_request_for_quotation')),(4,ref('access_custom.group_creating_products')),(4,ref('access_custom.group_viewing_products')),(4,ref('access_custom.group_view_employees')),(4,ref('access_custom.group_edit_employees_each_employee')),(4,ref('access_custom.group_access_specific_documents')),	]"/>
        </record>
		<record model="res.groups" id="group_consultant_internal">
            <field name="name">Consultant_internal</field>
			<field name="custom" eval="True"/>
            <field name="category_id" ref="access_base.module_category_custom"/>
			<field name="implied_ids" eval="[(4, ref('base.group_user')),(4,ref('access_custom.group_view_employees')),(4,ref('access_custom.group_edit_employees_each_employee')),(4,ref('access_custom.group_access_specific_documents')),	]"/>
        </record>
		<record model="res.groups" id="group_consultant_external">
            <field name="name">Consultant_external</field>
			<field name="custom" eval="True"/>
            <field name="category_id" ref="access_base.module_category_custom"/>
			<field name="implied_ids" eval="[(4, ref('base.group_user')),(4,ref('access_custom.group_view_employees')),(4,ref('access_custom.group_edit_employees_each_employee')),(4,ref('access_custom.group_access_specific_documents')),	]"/>
        </record>
	</data>
</openerp>
