<?xml version="1.0" encoding="utf-8"?>
<openerp>
    <data>

        <record id="view_employee_form" model="ir.ui.view">
            <field name="name">hr.employee.form</field>
            <field name="model">hr.employee</field>
			<field name="inherit_id" ref="hr.view_employee_form"/>
			<field name="arch" type="xml">
				<xpath expr="//notebook" position="before">
					<field name="access_to_employee_information" invisible="1"/>
				</xpath>
				<xpath expr="//page[@string='Personal Information']" position="attributes">
					<attribute name="groups"></attribute>
					<attribute name="attrs">{'invisible':[('access_to_employee_information', '=', False)]}</attribute>
				</xpath>
				<xpath expr="//field[@name='identification_id']" position="attributes">
					<attribute name="groups"></attribute>
				</xpath>
				<xpath expr="//field[@name='passport_id']" position="attributes">
					<attribute name="groups"></attribute>
				</xpath>
				<xpath expr="//field[@name='otherid']" position="attributes">
					<attribute name="groups"></attribute>
				</xpath>
				<xpath expr="//page[@string='HR Settings']" position="attributes">
					<attribute name="groups"></attribute>
					<attribute name="attrs">{'invisible':[('access_to_employee_information', '=', False)]}</attribute>
				</xpath>
			</field>
		</record>


        <record id="view_partner_form" model="ir.ui.view">
            <field name="name">res.partner.form</field>
            <field name="model">res.partner</field>
			<field name="inherit_id" ref="base.view_partner_form"/>
            <field name="arch" type="xml">
				<xpath expr="//sheet" position="before">
					<field name="access_to_private_information" invisible="1"/>
				</xpath>
				<xpath expr="//label[@for='street']" position="attributes">
					<attribute name="attrs">{'invisible':[('access_to_private_information', '=', False)]}</attribute>
				</xpath>
				<xpath expr="//label[@for='street']/following-sibling::div" position="attributes">
					<attribute name="attrs">{'invisible':[('access_to_private_information', '=', False)]}</attribute>
				</xpath>
			</field>
		</record>

        <record model="ir.ui.view" id="res_partner_kanban_view">
            <field name="name">res.partner.kanban</field>
            <field name="model">res.partner</field>
            <field name="inherit_id" ref="base.res_partner_kanban_view"/>
            <field name="arch" type="xml">
				<xpath expr="//templates" position="before">
					<field name="access_to_private_information" invisible="1"/>
				</xpath>
                <xpath expr="//li[@t-if='record.city.raw_value and !record.country_id.raw_value']" position="attributes">
					<attribute name="attrs">{'invisible':[('access_to_private_information', '=', False)]}</attribute>
				</xpath>
                <xpath expr="//li[@t-if='!record.city.raw_value and record.country_id.raw_value']" position="attributes">
					<attribute name="attrs">{'invisible':[('access_to_private_information', '=', False)]}</attribute>
				</xpath>
                <xpath expr="//li[@t-if='record.city.raw_value and record.country_id.raw_value']" position="attributes">
					<attribute name="attrs">{'invisible':[('access_to_private_information', '=', False)]}</attribute>
				</xpath>
			</field>
		</record>


    </data>
</openerp>
