<?xml version="1.0" encoding="utf-8"?>
<openerp>
    <data>

        <template id="assets_backend" name="custom booking calendar assets" inherit_id="web.assets_backend">
            <xpath expr="." position="inside">
                <script type="text/javascript" src="/pitch_booking/static/src/js/pitch_booking.js"></script>
            </xpath>
        </template>

        <record id="view_pitch" model="ir.ui.view">
            <field name="name">pitch.form</field>
            <field name="model">pitch_booking.pitch</field>
            <field name="arch" type="xml">
                <form string="Pitch">
                    <group>
                        <group>
                            <field name="name"/>
                            <field name="venue_id"/>
                            <field name="color" widget="color"/>
                        </group>
                        <group>
                            <field name="calendar_id"/>
                            <field name="has_slot_calendar"/>
                            <field name="company_id"/>
                        </group>
                    </group>
                </form>
            </field>
        </record>

        <record id="view_pitch_tree" model="ir.ui.view">
            <field name="name">pitch.tree</field>
            <field name="model">pitch_booking.pitch</field>
            <field name="arch" type="xml">
                <tree string="Pitches">
                    <field name="name"/>
                    <field name="venue_id"/>
                </tree>
            </field>
        </record>

        <record id="view_venue" model="ir.ui.view">
            <field name="name">venue.form</field>
            <field name="model">pitch_booking.venue</field>
            <field name="arch" type="xml">
                <form string="Venue">
                    <group>
                        <field name="name"/>
                        <field name="company_id"/>
                    </group>
                </form>
            </field>
        </record>

        <record id="view_venue_tree" model="ir.ui.view">
            <field name="name">venue.tree</field>
            <field name="model">pitch_booking.venue</field>
            <field name="arch" type="xml">
                <tree string="Venues">
                    <field name="name"/>
                </tree>
            </field>
        </record>

        <record id="action_pitch_booking_venues" model="ir.actions.act_window">
            <field name="name">Venues</field>
            <field name="type">ir.actions.act_window</field>
            <field name="res_model">pitch_booking.venue</field>
            <field name="view_type">form</field>
            <field name="view_mode">tree,form</field>
        </record>


        <menuitem action="action_pitch_booking_venues" id="menu_pitch_booking_venues" parent="base.menu_base_config" sequence="90" groups="base.group_sale_salesman,base.group_sale_manager"/>


        <record id="action_pitch_booking_pitches" model="ir.actions.act_window">
            <field name="name">Pitches</field>
            <field name="type">ir.actions.act_window</field>
            <field name="res_model">pitch_booking.pitch</field>
            <field name="view_type">form</field>
            <field name="view_mode">tree,form</field>
        </record>


        <menuitem action="action_pitch_booking_pitches" id="menu_pitch_booking_pitches" parent="base.menu_base_config" sequence="90" groups="base.group_sale_salesman,base.group_sale_manager"/>

        <record id="view_order_form" model="ir.ui.view">
            <field name="name">sale.order.form</field>
            <field name="model">sale.order</field>
            <field name="inherit_id" ref="sale.view_order_form"/>
            <field name="arch" type="xml">
                <xpath expr="//field[@name='order_line']/tree/field[@name='product_uom_qty']" position="attributes">
                    <attribute name="invisible">1</attribute>
                </xpath>
                <xpath expr="//field[@name='order_line']/tree/field[@name='product_uom']" position="attributes">
                    <attribute name="invisible">1</attribute>
                </xpath>
                <xpath expr="//field[@name='order_line']/tree/field[@name='name']" position="after">
                    <field name="venue_id"/>
                    <field name="pitch_id" domain="[('venue_id','=',venue_id)]"/>
                    <field name="booking_start"/>
                    <field name="booking_end"/>
                </xpath>
            </field>
        </record>

        <record id="invoice_form" model="ir.ui.view">
            <field name="name">account.invoice.form</field>
            <field name="model">account.invoice</field>
            <field name="inherit_id" ref="account.invoice_form"/>
            <field name="arch" type="xml">
                <xpath expr="//field[@name='invoice_line']/tree/field[@name='name']" position="after">
                    <field name="venue_id"/>
                    <field name="pitch_id"/>
                    <field name="booking_start"/>
                    <field name="booking_end"/>
                </xpath>
            </field>
        </record>

        <record id="product_template_form_view" model="ir.ui.view">
            <field name="name">product.template.common.form</field>
            <field name="model">product.template</field>
            <field name="inherit_id" ref="product.product_template_form_view"/>
            <field name="arch" type="xml">
                <xpath expr="//field[@name='description_sale']" position="after">
                    <group>
                        <field name="venue_id"/>
                    </group>
                </xpath>
            </field>
        </record>


        <template id="calendar" inherit_id="website_booking_calendar.index">
            <xpath expr="//t[@t-call='website_booking_calendar.resources']" position="before">
                <!-- Nav tabs -->
                <ul class="nav nav-pills nav-stacked">
                    <t t-foreach="venues" t-as="venue">
                        <li t-att-class="'active' if venue.id == active_venue else ''"><a t-att-href="'/booking/calendar?venue=%s' % venue.id"><t t-esc="venue.name"/></a></li>
                    </t>
                </ul>
            </xpath>
        </template>

        <record id="view_booking_order_line_venue_tree" model="ir.ui.view">
          <field name="model">sale.order.line</field>
          <field name="inherit_id" ref="booking_calendar.view_booking_order_line_tree" />
          <field name="arch" type="xml">
            <xpath expr="//field[@name='price_subtotal']" position="after">
              <field name="venue_id"/>
              <field name="pitch_id"/>
            </xpath>
          </field>
        </record>

        <record model="ir.ui.view" id="venue_pitch_search_view">
          <field name="name">venue.pitch.search</field>
          <field name="model">sale.order.line</field>
          <field name="inherit_id" ref="booking_calendar.booking_search_view" />
          <field name="arch" type="xml">
            <xpath expr="//group" position="before">
                <field name="venue_id"/>
                <field name="pitch_id"/>
            </xpath>
          </field>
        </record>

        <record model="ir.ui.view" id="view_booking_order_line_form">
          <field name="name">venue.pitch.from</field>
          <field name="model">sale.order.line</field>
          <field name="inherit_id" ref="booking_calendar.view_booking_order_line_form" />
          <field name="arch" type="xml">
            <xpath expr="//field[@name='name']" position="after">
                <field name="venue_id"/>
                <field name="pitch_id"/>
            </xpath>
            <field name="resource_id" position="attributes">
                <attribute name="invisible">1</attribute>
            </field>
          </field>
        </record>

        <record model="ir.actions.act_window" id="booking_calendar.booking_orders_lines_list_action">
          <field name="context" eval="{'search_default_active_bookings': 1}"/>
          <field name="domain">[('venue_id','!=','False'), ('pitch_id','!=',False)]</field>
        </record>

        <record id="view_order_line_booking_form_venue_pitch" model="ir.ui.view">
            <field name="name">sale.order.line.form2.booking.venue.pitch</field>
            <field name="model">sale.order.line</field>
            <field name="inherit_id" ref="booking_calendar.view_order_line_booking_form"/>
            <field name="arch" type="xml">
                <xpath expr="//group[@name='booking']" position="inside">
                    <group name="booking">
                      <field name="venue_id"/>
                      <field name="pitch_id"/>
                    </group>
                </xpath>
                <xpath expr="//field[@name='product_id']" position="attributes">
                    <attribute name="domain">[('venue_id','=',venue_id)]</attribute>
                </xpath>
            </field>
        </record>


    </data>
</openerp>
