<?xml version="1.0" encoding="utf-8"?>
<openerp>
    <data>

		<record id="group_seller_in_shop" model="res.groups">
			<field name="name">Seller in shop</field>
			<field name="category_id" ref="access_base.module_category_custom"/>
			<field name="implied_ids" eval="[(4, ref('stock.group_stock_user')), (4, ref('point_of_sale.group_pos_user'))]"/>
		</record>

        <record id="group_manager" model="res.groups">
			<field name="name">Manager</field>
			<field name="category_id" ref="access_base.module_category_custom"/>
			<field name="implied_ids" eval="[(4, ref('base.group_sale_manager')), (4, ref('stock.group_stock_manager')), (4, ref('point_of_sale.group_pos_manager'))]"/>
            <field name="menu_no_access" eval="[(4, ref('base.menu_administration'))]" />
		</record>

        <record id="group_ceo" model="res.groups">
			<field name="name">CEO</field>
			<field name="category_id" ref="access_base.module_category_custom"/>
			<field name="implied_ids" eval="[(4, ref('base.group_system')), (4, ref('base.group_sale_manager')), (4, ref('stock.group_stock_manager')), (4, ref('point_of_sale.group_pos_manager'))]"/>
		</record>

        <record id="group_online_sales_manager" model="res.groups">
			<field name="name">Online Sales Manager</field>
			<field name="category_id" ref="access_base.module_category_custom"/>
			<field name="implied_ids" eval="[(4, ref('stock.group_stock_manager')), (4, ref('base.group_sale_salesman_all_leads')), (4, ref('point_of_sale.group_pos_manager'))]"/>
		</record>

        <record id="group_stock_manager" model="res.groups">
			<field name="name">Stock Manager</field>
			<field name="category_id" ref="access_base.module_category_custom"/>
			<field name="implied_ids" eval="[(4, ref('stock.group_stock_manager')), (4, ref('base.group_sale_salesman_all_leads')), (4, ref('point_of_sale.group_pos_manager'))]"/>
		</record>

	</data>
</openerp>
