<?xml version="1.0" encoding="utf-8"?>
<openerp>
    <data>

        <record id="view_product_from_limit_cost_price" model="ir.ui.view">
            <field name="name">view_product_from_limit_cost_price</field>
            <field name="model">product.template</field>
			<field name="inherit_id" ref="product.product_template_form_view"/>
			<field name="arch" type="xml">
                <group name="procurement" position="attributes" >
                    <attribute name="groups">base.group_sale_manager</attribute>
                </group>
			</field>
		</record>

    </data>
</openerp>
