<?xml version="1.0" encoding="utf-8"?>
<openerp>
    <data>        

        <record id="config_wizard_step_view_form_repeat" model="ir.ui.view">
            <field name="model">ir.actions.todo</field>
            <field name="name">Config Wizard Steps</field>
            <field name="inherit_id" ref="base.config_wizard_step_view_form" />
            <field name="arch" type="xml">
                <field name="sequence" position="after">
                    <field name="repeat"/>
                </field>
            </field>
        </record>

    </data>
</openerp>
