<?xml version="1.0" encoding="utf-8"?>
<openerp>
    <data>
		<record id="view_product_simple_ean_form" model="ir.ui.view">
			<field name="name">product.product.form</field>
			<field name="model">product.product</field>
			<field name="inherit_id" ref="product_barcode_generator.view_product_simple_ean_form"/>
			<field name="arch" type="xml">
				<xpath expr="//field[@name='ean_sequence_id']" position="replace">
                    <field name="ean_sequence_id" domain="[('barcode_sequence', '=', 1)]"
                        context="{'default_name': name and 'EAN ' + name or 'EAN', 'default_barcode_sequence': 1}"
						class="oe_edit_only"
                        readonly="1"/>
				</xpath>
			</field>
		</record>
        
    </data>
</openerp>
