<?xml version="1.0" encoding="utf-8"?>
<openerp>
    <data>

<!-- Actions -->

<record id="loaner_action" model="ir.actions.act_window">
    <field name="name">Loaners</field>
    <field name="res_model">mrp_loaner.loaner</field>
    <field name="view_type">form</field>
    <field name="view_mode">tree,form</field>
    <field name="context">{}</field>
</record>

<record id="loaner_usage_action" model="ir.actions.act_window">
    <field name="name">Loaner Usage</field>
    <field name="res_model">mrp_loaner.loaner_usage</field>
    <field name="view_type">form</field>
    <field name="view_mode">tree,form</field>
    <field name="context">{}</field>
</record>

<!-- Menus -->

<menuitem name="Loaners"
          id="menu_mrp_loaner_form"
          action="loaner_action"
          parent="mrp.menu_mrp_manufacturing"
          sequence="70"/>


<menuitem name="Loaner Usage"
          id="menu_mrp_loaner_usage_form"
          action="loaner_usage_action"
          parent="mrp.menu_mrp_manufacturing"
          sequence="80"/>

<!-- Views -->

<record id="loaner_tree_view_id" model="ir.ui.view">
    <field name="name">loaner.tree</field>
    <field name="model">mrp_loaner.loaner</field>
    <field name="arch" type="xml">
        <tree string="Loaner List">
            <field name="brand"/>
            <field name="name"/>
            <field name="serial_number"/>
            <field name="type"/>
            <field name="condition"/>
        </tree>
    </field>
</record>

<record id="loaner_form_view_id" model="ir.ui.view">
    <field name="name">loaner.form</field>
    <field name="model">mrp_loaner.loaner</field>
    <field name="arch" type="xml">
        <form string="Loaner Form">
            <sheet>
                <h1>
                    <field name="display_name"/>
                </h1>
                <group>
                    <group>
                        <field name="brand"/>
                        <field name="name"/>
                        <field name="serial_number"/>
                    </group>
                    <group>
                        <field name="type"/>
                        <field name="other_type"/>
                        <field name="condition" widget="priority"/>
                    </group>
                </group>
                <notebook>
                    <page string="Information">
                        <group>
                            <group>
                                <field name="active"/>
                            </group>
                            <group>
                                <field name="date_manufactured"/>
                            </group>
                        </group>
                        <field name="notes" nolabel="1" placeholder="Put an internal note..."/>
                    </page>
                    <page string="Usage History">
                        <group>
                            <group>
                                <field name="usages" nolabel="1" context="{'default_loaner_id': active_id, 'default_condition_out': condition}"/>
                            </group>
                        </group>
                    </page>
                </notebook>
            </sheet>
            <div class="oe_chatter">
                <field name="message_follower_ids" widget="mail_followers" groups="base.group_user"/>
                <field name="message_ids" widget="mail_thread"/>
            </div>
        </form>
    </field>
</record>

<record id="loaner_usage_tree_view_id" model="ir.ui.view">
    <field name="name">loaner_usage.tree</field>
    <field name="model">mrp_loaner.loaner_usage</field>
    <field name="arch" type="xml">
        <tree string="Loaner Usage List">
            <field name="loaner_id"/>
            <field name="date_out"/>
            <field name="date_back"/>
            <field name="state"/>
        </tree>
    </field>
</record>

<record id="loaner_usage_form_view_id" model="ir.ui.view">
    <field name="name">loaner_usage.form</field>
    <field name="model">mrp_loaner.loaner_usage</field>
    <field name="arch" type="xml">
        <form string="Loaner Usage Form">
			<header>
				<field name="state" widget="statusbar" clickable="True"/>
			</header>
            <sheet>
				<group>
					<group string="Information">
						<field name="loaner_id"/>
					</group>
					<group string="Accessories">
						<field name="accessory_cord"/>
						<field name="accessory_rack"/>
						<field name="accessory_trays"/>
						<field name="accessory_other"/>
					</group>
					<group string="Out">
						<field name="date_out"/>
						<field name="shipping_out_paid"/>
						<field name="courier_out"/>
						<field name="courier_out_other"/>
						<field name="tracking_out"/>
						<field name="shipping_out_amount"/>
						<field name="condition_out"/>
					</group>
					<group string="Back">
						<field name="date_back"/>
						<field name="shipping_back_paid"/>
						<field name="courier_back"/>
						<field name="courier_back_other"/>
						<field name="tracking_back"/>
						<field name="shipping_back_amount"/>
						<field name="condition_back"/>
					</group>
				</group>
				<field name="notes"/>
            </sheet>
            <div class="oe_chatter">
                <field name="message_follower_ids" widget="mail_followers" groups="base.group_user"/>
                <field name="message_ids" widget="mail_thread"/>
            </div>
        </form>
    </field>
</record>


</data>
</openerp>
