<?xml version="1.0"?>
<openerp>
    <data>
        
        <record id="view_groups_form" model="ir.ui.view" >
            <field name="name">view.groups.form</field>
            <field name="model">res.groups</field>
            <field name="inherit_id" ref="base.view_groups_form"/>
            <field name="arch" type="xml">
                
                <xpath expr="//field[@name='name']" position="after">
                    <field name="is_custom_group"/>
                </xpath>
                
            </field>
        </record>

    </data>
</openerp>
