<?xml version="1.0" encoding="utf-8"?>
<openerp>
    <data>
        <record id="view_users_form" model="ir.ui.view">
            <field name="inherit_id" ref="base.view_users_form"/>
            <field name="name">res.users.form</field>
            <field name="model">res.users</field>
            <field name="arch" type="xml">
				<xpath expr="//field[@name='partner_id']" position="after">
					<field name="company_default_id" class="oe_inline"/>
				</xpath>
			</field>
		</record>
	</data>
</openerp>
