<?xml version="1.0" encoding="utf-8"?>
<openerp>
    <data>

<record id="view_repair_order_tree" model="ir.ui.view">
    <field name="model">mrp.repair</field>
	<field name="inherit_id" ref="mrp_repair.view_repair_order_tree"/>
    <field name="arch" type="xml">
		<xpath expr="//field[@name='partner_id']" position="after">
            <field name="create_date"/>
            <field name="open_time"/>
		</xpath>
    </field>
</record>

<record id="view_repair_order_form" model="ir.ui.view">
    <field name="model">mrp.repair</field>
	<field name="inherit_id" ref="mrp_repair.view_repair_order_form"/>
    <field name="arch" type="xml">
		<xpath expr="//field[@name='partner_id']" position="after">
            <field name="customer_po"/>
            <field name="open_time"/>
            <field name="create_date"/>
		</xpath>
    </field>
</record>

	</data>
</openerp>
