<?xml version="1.0" encoding="UTF-8"?>
<openerp>
    <data>
        <record model="ir.ui.view" id="mrp_custom_jobs_tree_view">
            <field name="name">mrp_custom.jobs.tree</field>
            <field name="model">mrp_custom.jobs</field>
            <field name="arch" type="xml">
                <tree string="Jobs tree">
                     <field name="job_name"/>
                     <field name="create_date"/>
                </tree>
            </field>
        </record>

        <record model="ir.ui.view" id="mrp_custom_material_tree_view">
            <field name="name">mrp_custom.material.tree</field>
            <field name="model">mrp_custom.material</field>
            <field name="arch" type="xml">
                <tree string="Materials tree">
                     <field name="material"/>
                     <field name="description"/>
                     <field name="vendor_ref"/>
                     <field name="vendor"/>
                     <field name="unit_cost"/>
                     <field name="required_quantity"/>
                     <field name="act_total_cost"/>
                </tree>
            </field>
        </record>

        <record model="ir.ui.view" id="mrp_custom_routing_tree_view">
            <field name="name">mrp_custom.routing.tree</field>
            <field name="model">mrp_custom.routing</field>
            <field name="arch" type="xml">
                <tree string="Routing tree">
                     <field name="work_center"/>
                     <field name="status"/>
                     <field name="run_pct_complete"/>
                     <field name="est_run_hrs"/>
                     <field name="act_run_hrs"/>
                </tree>
            </field>
        </record>

        <record model="ir.ui.view" id="mrp_custom_cases_tree_view">
            <field name="name">mrp_custom.cases.tree</field>
            <field name="model">mrp_custom.cases</field>
            <field name="arch" type="xml">
                <tree string="Cases tree">
                     <field name="num"/>
                     <field name="subject"/>
                     <field name="account_name"/>
                     <field name="status"/>
                     <field name="date_created"/>
                     <field name="assigned_user"/>
                </tree>
            </field>
        </record>
            
        <record model="ir.ui.view" id="mrp_custom_jobs_form_view">
            <field name="name">mrp_custom.jobs.form</field>
            <field name="model">mrp_custom.jobs</field>
            <field name="arch" type="xml">
                <form string="Jobs Form">
                    <sheet>
                      <h1><strong><field name="job_name"/></strong></h1>
                      <group colspan="2">
                        <group>
                            <field name="customer_po"/>
                            <field name="order_date"/>
                            <field name="requested_date"/>
                            <field name="shipped_date"/>
                            <field name="status"/>
                            <field name="ship_via"/>
                            <field name="shipTo_street1"/>
                            <field name="shipTo_country"/>
                        </group>
                        <group>
                            <field name="contacts_id"/>                          
                            <field name="promised_date"/>
                            <field name="sales_rep"/>
                            <field name="sales_code"/>
                            <field name="terms"/>
                            <field name="invoice_date"/>
                        </group>
                      </group>
                      <group colspan="2" string="Part">
                        <group>
                            <field name="part_number"/>
                            <field name="description"/>
                            <field name="shipped_quantity"/>
                        </group>
                        <group>
                            <field name="order_quantity"/>
                            <field name="unit_price"/>
                            <field name="total_price"/>
                        </group>
                        <group col="2">
                            <field name="ext_description"/>  
                        </group>
                      </group>
                      <notebook colspan="4">
                          <page string="Description">
                               <field name="comment"/>
                          </page>
                          <page string="Routing">
                               <field name="routing_ids"/>
                          </page>
                          <page string="Materials">
                               <field name="material_ids"/>
                          </page>
                          <page string="Cases">
                               <field name="cases_ids"/>
                          </page>
                      </notebook>
                    </sheet>            
                </form>
            </field>
        </record>


        <record model="ir.ui.view" id="mrp_custom_contacts_form_view">
            <field name="name">mrp_custom.contacts.form</field>
            <field name="model">mrp_custom.contacts</field>
            <field name="arch" type="xml">
                <form string="Contacts Form">
                    <sheet>
                      <h1><strong><field name="contact_name"
                      placeholder="Contact Name"/></strong></h1>
                      <group colspan="2">
                        <group>
                            <field name="contact_street_address"/>
                            <field name="contact_street_address_2"/>
                            <field name="contact_cell_phone"/>
                            <field name="contact_city"/>
                            <field name="contact_country"/>
                            <field name="contact_fax"/>
                        </group>
                        <group>
                            <field name="contact_phone"/>
                            <field name="contact_state"/>
                            <field name="contact_zip"/>
                            <field name="fax"/>
                            <field name="note_text"/>
                            <field name="email_address"/>
                            <field name="phone"/>
                        </group>
                      </group>
                      <group colspan="2" string="Ship to">
                        <group>
                            <field name="shipto_cell_phone"/>
                            <field name="shipto_city"/>
                            <field name="shipto_company_name"/>
                            <field name="shipto_fax"/>
                            <field name="shipto_name"/>
                        </group>
                        <group>
                            <field name="shipto_phone"/>
                            <field name="shipto_state"/>
                            <field name="shipto_zip"/>
                            <field name="shiptto_customer"/>
                        </group>
                      </group>
                    </sheet>            
                </form>
            </field>
        </record>
      
        <!-- Action windows-->
        <record model="ir.actions.act_window" id="mrp_custom_jobs_form_action">
            <field name="name">Jobs</field>
            <field name="res_model">mrp_custom.jobs</field>
            <field name="view_type">form</field>
            <field name="view_mode">tree,form</field>
            <field name="help" type="html">
                <p class="oe_view_nocontent_create">Create the first job  </p>
            </field>
        </record>

        <menuitem id="jobs_menu" name="Jobs"
                  parent="mrp.menu_mrp_manufacturing"
                  action="mrp_custom_jobs_form_action"/>
   </data>

</openerp>
