<?xml version="1.0" encoding="utf-8"?>
<openerp>
    <data>
        <template id="assets_backend" name="pos assets" inherit_id="point_of_sale.assets_backend">
            <xpath expr="." position="inside">
				<script type="text/javascript" src="/tg_pos_packs/static/src/js/pos.js"></script>
            </xpath>
        </template>


        <record id="product_pack_product_form_view" model="ir.ui.view">
            <field name="name">product.pack.product_form_view</field>
            <field name="model">product.product</field>
            <field name="inherit_id" ref="product.product_normal_form_view" />
            <field eval="25" name="priority"/>
            <field name="arch" type="xml">
                <field name="type" position="before">
                    <field name="is_pack" on_change="onchange_ispack(is_pack)"/>
                </field>
                <field name="type" position="replace">
                    <field name="type" attrs="{'readonly':[('is_pack', '=', True)]}"/>
                </field>
                <xpath expr="//page[@string='Sales']" position="after">
                    <page string="Pack" attrs="{'invisible':[('is_pack', '=', False)]}">
                        <field name="pack_ids" nolabel="1">
                            <tree string="Items in the pack" editable="bottom" 
                                  colors="purple:group_id in (1, 6, 11, 16); 
                                          darkgoldenrod:group_id in (2, 7, 12, 17);
                                          forestgreen:group_id in (3, 8, 13, 18);
                                          brown:group_id in (4, 9, 14, 19);
                                          navy:group_id in (5, 10, 15, 20);">
                                <field name="sequence" widget="handle"/>
                                <field name="item_tmpl_id"/>
                                <field name="quantity" invisible="1"/>
                                <field name="group_id" string="Group number" help="Set a number for each item to regroup them"/>
                            </tree>
                        </field>
                    </page>
                </xpath>
            </field>
        </record>
    </data>
</openerp>
