<?xml version="1.0" encoding="UTF-8"?>
<templates id="template" xml:space="preserve">
    <t t-name="PosTicket">
        <div class="pos-sale-ticket">
            <div class="pos-center-align">
				<t t-esc="new Date().toString(Date.CultureInfo.formatPatterns.shortDate + ' ' + Date.CultureInfo.formatPatterns.longTime)"/> <t t-esc="order.get('name')"/>
				<br />
				<b>Charlotter's Web Papercraft</b>
				<br />
				1285 South Road
				<br />
				ST Mary's SA 5042
				<br />
				<t t-esc="widget.pos.company.vat"/>
				<br />
				<br />
				<b><t t-esc="widget.pos.company.phone"/></b>
				<br />
				<span>charlotteswebpapercraft.com.au</span>
				<span>sales@charlotteswebpapercraft.com.au</span>
				<br />
				<t t-if="widget.pos.config.receipt_header">
					<br />
					<div style='text-align:center'>
						<t t-esc="widget.pos.config.receipt_header" />
					</div>
				</t>
				<br />
			</div>
            <table>
                <colgroup>
                    <col width='50%' />
                    <col width='25%' />
                    <col width='25%' />
                </colgroup>
                <tr t-foreach="orderlines" t-as="orderline">
                    <td>
                        <t t-esc="orderline.get_product().display_name"/>
                        <t t-if="orderline.get_discount() > 0">
                            <div class="pos-disc-font">
                                With a <t t-esc="orderline.get_discount()"/>% discount
                            </div>
                        </t>
                    </td>
                    <td class="pos-right-align">
                        <t t-esc="orderline.get_quantity_str_with_unit()"/>
                    </td>
                    <td class="pos-right-align">
                        <t t-esc="widget.format_currency(orderline.get_display_price())"/>
                    </td>
                </tr>
            </table>
            <br />
            <table>
                <tr>
                    <td>Subtotal:</td>
                    <td class="pos-right-align">
                        <t t-esc="widget.format_currency(order.getSubtotal())"/>
                    </td>
                </tr>
                <t t-foreach="order.getTaxDetails()" t-as="taxdetail">
                    <tr>
                        <td><t t-esc="taxdetail.tax.name" /></td>
                        <td class="pos-right-align">
                            <t t-esc="widget.format_currency(taxdetail.amount)" />
                        </td>
                    </tr>
                </t>
                <tr>
                    <td>Discount:</td>
                    <td class="pos-right-align">
                        <t t-esc="widget.format_currency(order.getDiscountTotal())"/>
                    </td>
                </tr>
                <tr class="emph">
                    <td>Total:</td>
                    <td class="pos-right-align">
                        <t t-esc="widget.format_currency(order.getTotalTaxIncluded())"/>
                    </td>
                </tr>
            </table>
            <br />
            <table>
                <tr t-foreach="paymentlines" t-as="line">
                    <td>
                        <t t-esc="line.name"/>
                    </td>
                    <td class="pos-right-align">
                        <t t-esc="widget.format_currency(line.get_amount())"/>
                    </td>
                </tr>
            </table>
            <br />
            <table>
                <tr><td>Change:</td><td class="pos-right-align">
                <t t-esc="widget.format_currency(order.getChange())"/>
                </td></tr>
            </table>
            <t t-if="widget.pos.config.receipt_footer">
                <br />
                <div style='text-align:center'>
                    <t t-esc="widget.pos.config.receipt_footer" />
                </div>
            </t>
        </div>
    </t>
</templates>
