<?xml version="1.0" encoding="utf-8"?>
<openerp>
<data>


<!-- RES PARTNER -->
<record id="view_partner_form_debt" model="ir.ui.view">
    <field name="name">res.partner.form.debt</field>
    <field name="model">res.partner</field>
    <field name="inherit_id" ref="account.view_partner_property_form"/>
    <field name="arch" type="xml">
        <field name="credit" position="after">
            <field name="debt"/>
        </field>
    </field>
</record>

<record id="view_tg_partner_tree" model="ir.ui.view">
    <field name="name">res.partner.tree.debt</field>
    <field name="model">res.partner</field>
    <field name="inherit_id" ref="base.view_partner_tree"/>
    <field name="arch" type="xml">
        <field name="display_name" position="after">
            <field name="debt"/>
        </field>
    </field>
</record>

<record id="res_partner_kanban_view" model="ir.ui.view">
    <field name="name">pos_debt_notebook.res.partner.kanban</field>
    <field name="model">res.partner</field>
    <field name="inherit_id" ref="base.res_partner_kanban_view"/>
    <field name="arch" type="xml">
        <field name="mobile" position="after">
            <field name="debt"/>
        </field>
        <xpath expr="//div[@class='oe_kanban_details']/ul" position="inside">
            <li t-if="record.debt.raw_value">Debt: <field name="debt"/></li>
        </xpath>
    </field>
</record>


<!-- ACCOUNT JOURNAL -->
<record id="view_account_journal_pos_user_form" model="ir.ui.view">
    <field name="name">pos_debt_notebook.account_journal_form</field>
    <field name="model">account.journal</field>
    <field name="inherit_id" ref="point_of_sale.view_account_journal_pos_user_form"/>
    <field name="arch" type="xml">
        <field name="journal_user" position="after">
            <field name="debt" attrs="{'invisible': [('journal_user', '=', False)]}"/>
        </field>
    </field>
</record>

<record id="view_pos_config_form" model="ir.ui.view">
    <field name="name">pos.payment.terminal.config.form</field>
    <field name="model">pos.config</field>
    <field name="inherit_id" ref="point_of_sale.view_pos_config_form"/>
    <field name="arch" type="xml">
        <field name="currency_id" position="after">
            <field name="debt_dummy_product_id"/>
        </field>
    </field>
</record>

</data>
</openerp>
