<?xml version="1.0" encoding="utf-8"?>
<openerp>
    <data>
<!-- Show Apps Menu -->
<delete id="base.access_ir_module_module_group_user" model="ir.model.access"/>

<record id="group_show_modules_menu" model="res.groups">
    <field name="name">Show Apps Menu</field>
    <field name="users" eval="[(4, ref('base.user_root'))]"/>
</record>

<record model="ir.ui.menu" id="base.menu_management">
    <field name="groups_id" eval="[(6,0, [ref('access_apps.group_show_modules_menu')])]"/>
</record>

    </data>
</openerp>
