<?xml version="1.0" encoding="utf-8"?>
<openerp><data>

<menuitem name="IFrame"
          id="menu_top"
          groups="base.group_user"
          sequence="100"/>
<menuitem name="Configuration"
          id="menu_configuration"
          groups="base.group_user"
          parent="menu_top"
          sequence="1000"/>

<record id="view_page_tree" model="ir.ui.view">
    <field name="name">web_iframe_pages.page.tree</field>
    <field name="model">web_iframe_pages.page</field>
    <field name="arch" type="xml">
        <tree string="IFrame" editable="top">
            <field name="menu_id_parent_id" context="{'default_iframe_pages_group':True}"/>
            <field name="menu_id_name"/>
            <field name="link"/>
            <field name="sequence"/>
        </tree>
    </field>
</record>

<record id="action_menu_configuration_pages" model="ir.actions.act_window">
    <field name="name">Pages</field>
    <field name="res_model">web_iframe_pages.page</field>
    <field name="view_type">form</field>
    <field name="view_mode">tree</field>
    <field name="view_id" ref="view_page_tree"/>
    <field name="help">Manage and customize iframe items here.</field>
</record>

<menuitem action="action_menu_configuration_pages" id="menu_configuration_pages" parent="menu_configuration" sequence="1"/>


</data></openerp>
