<?xml version="1.0" encoding="utf-8"?>
<openerp><data>

<record model="ir.ui.view" id="hr_recruitment_form_view_applications">
    <field name="model">hr.applicant</field>
    <field name="inherit_id" ref="hr_recruitment.crm_case_form_view_job"/>
    <field name="arch" type="xml">
        <xpath expr="//field[@name='priority']" position="before">
            <field name="reminder_alarm_ids" widget="many2many_tags" attrs="{'readonly':[('date_action','=',False)]}" string="Reminders"/>
        </xpath>
    </field>
</record>

</data></openerp>
