<?xml version="1.0" encoding="utf-8"?>
<openerp><data>

<record model="ir.ui.view" id="crm_case_kanban_view_leads">
    <field name="model">crm.lead</field>
    <field name="inherit_id" ref="crm.crm_case_kanban_view_leads"/>
    <field name="arch" type="xml">
        <xpath expr="//field[@name='planned_revenue' and @sum='Expected Revenues']" position="replace">
            <field name="planned_revenue"/>
            <field name="weighted_planned_revenue" sum="Expected Revenues*"/>
        </xpath>
        <xpath expr="//t[@t-if='record.planned_revenue.raw_value']" position="replace">
            <t t-if="record.weighted_planned_revenue.raw_value">
                - <b><t t-esc="record.weighted_planned_revenue.value"/>
                <field name="company_currency"/></b>
            </t>
        </xpath>
    </field>
</record>

</data></openerp>
