<?xml version="1.0" encoding="utf-8"?>
<openerp>
	<data>

<record id="ir_cron_update_deal_time" model="ir.cron">
    <field name="name">Update deal time</field>
    <field name="user_id" ref="base.user_root"/>
    <field name="interval_number">1</field>
    <field name="interval_type">days</field>
    <field name="numbercall">-1</field>
    <field eval="False" name="doall"/>
    <field eval="'crm.lead'" name="model"/>
    <field eval="'update_deal_time'" name="function"/>
    <field eval="'()'" name="args"/>
</record>

	</data>
</openerp>
