<?xml version="1.0" encoding="utf-8"?>
<openerp>
    <data>
		<template id="report_proposal">
            <t t-set="head">
				<t t-foreach="docs" t-as="o">
					<t t-raw="o.proposal_id.head"/>
				</t>
            </t>
			<t t-call="report.html_container">
				<t t-foreach="docs" t-as="o">
					<div class="header">
						<t t-raw="o.proposal_id.page_header"/>
					</div>
					<div class="page" t-field="o.proposal_id.website_description"/>
					<div class="footer">
						<t t-raw="o.proposal_id.page_footer"/>
					</div>
				</t>
			</t>
		</template>



        <report
            id="action_report_proposal"
            string="Proposal"
            model="account.analytic.account"
            report_type="qweb-pdf"
            name="sale_mediation_custom.report_proposal"
            file="sale_mediation_custom.report_proposal"
        />

		<template id="report_proposal_lead">
            <t t-set="head">
				<t t-foreach="docs" t-as="o">
					<t t-raw="o.proposal_id.head"/>
				</t>
            </t>
			<t t-call="report.html_container">
				<t t-foreach="docs" t-as="o">
					<div class="header">
						<t t-raw="o.proposal_id.page_header"/>
					</div>
					<div class="page" t-field="o.proposal_id.website_description"/>
					<div class="footer">
						<t t-raw="o.proposal_id.page_footer"/>
					</div>
				</t>
			</t>
		</template>


        <report
            id="action_report_proposal_lead"
            string="Proposal"
            model="crm.lead"
            report_type="qweb-pdf"
            name="sale_mediation_custom.report_proposal_lead"
            file="sale_mediation_custom.report_proposal_lead"
        />
	</data>
</openerp>
