<?xml version="1.0" encoding="utf-8"?>
<openerp>
	<data>
        <record id="view_partners_form_crm1" model="ir.ui.view">
            <field name="model">res.partner</field>
            <field name="inherit_id" ref="crm.view_partners_form_crm1"/>
            <field name="arch" type="xml">
				<xpath expr="//field[@name='section_id']" position="attributes">
					<attribute name="invisible">1</attribute>
				</xpath>
			</field>
		</record>


		<record model="ir.actions.act_window" id="action_phonecall">
			<field name="name">Phone Calls</field>
			<field name="res_model">crm.phonecall</field>
			<field name="view_type">form</field>
			<field name="view_mode">tree,calendar,form</field>
			<field name="view_id" ref="crm.crm_case_phone_tree_view"/>
			<field name="search_view_id" ref="crm.view_crm_case_phonecalls_filter"/>
		</record>

        <record id="edit_project" model="ir.ui.view">
            <field name="name">project.project.form</field>
            <field name="model">project.project</field>
			<field name="inherit_id" ref="project.edit_project"/>
            <field name="arch" type="xml">
				<xpath expr="//field[@name='active']" position="after">
					<field name="archived"/>
				</xpath>
				<xpath expr="//field[@name='user_id']" position="before">
					<field name="xtype" widget="radio"/>
                    <newline/>
				</xpath>
				<xpath expr="//field[@name='user_id']" position="after">
                    <newline/>
					<field name="sale_case_id"/>
				</xpath>
				<xpath expr="//div[@name='buttons']" position="inside">
                    <button  class="oe_inline oe_stat_button" name="action_phonecall_count"  type="object" icon="fa-phone">
                        <field string="Calls" name="phonecall_count" widget="statinfo"/>
                    </button>
				</xpath>
			</field>
		</record>

        <record id="view_project_project_filter" model="ir.ui.view">
            <field name="model">project.project</field>
			<field name="inherit_id" ref="project.view_project_project_filter"/>
            <field name="arch" type="xml">
				<xpath expr="//filter[@string='Member']" position="before">
                    <filter name="external" string="External" domain="[('xtype', '=', 'external')]"/>
                    <filter name="internal" string="Internal" domain="[('xtype', '=', 'internal')]"/>
                    <separator/>

				</xpath>
			</field>
		</record>
        <record id="project.open_view_project_all" model="ir.actions.act_window">
			<field name="context">{'search_default_Current':1, 'search_default_external':1, 'default_xtype':'external'}</field>
		</record>

        <record id="open_view_project_internal" model="ir.actions.act_window">
            <field name="name">Projects</field>
            <field name="res_model">project.project</field>
            <field name="view_type">form</field>
            <field name="domain">[]</field>
            <field name="view_mode">kanban,tree,form,gantt</field>
            <field name="view_id" ref="project.view_project_kanban"/>
            <field name="search_view_id" ref="view_project_project_filter"/>
            <field name="context">{'search_default_Current': 1, 'search_default_internal':1, 'default_xtype':'internal'}</field>
            <field name="help" type="html">
                <p class="oe_view_nocontent_create">
                  Click to start a new project.
                </p><p>
                  Projects are used to organize your activities; plan
                  tasks, track issues, invoice timesheets. You can define
                  internal projects (R&amp;D, Improve Sales Process),
                  private projects (My Todos) or customer ones.
                </p><p>
                  You will be able collaborate with internal users on
                  projects or invite customers to share your activities.
                </p>
            </field>
        </record>
        <menuitem action="open_view_project_internal" id="menu_projects_internal" name="Projects Internal" parent="project.menu_project_management" sequence="1"/>


        <record model="ir.ui.view" id="crm_case_form_view_leads">
			<field name="name">CRM - Leads Form</field>
			<field name="model">crm.lead</field>
			<field name="inherit_id" ref="crm.crm_case_form_view_leads"/>
			<field name="arch" type="xml">
				<xpath expr="//header/button" position="replace">
					<button type="object" name="action_create_sale_case" class="oe_highlight" string="Create Sale Case" attrs="{'invisible':[('contract_ids', '!=', [])]}"/>
				</xpath>
				<xpath expr="//page[@string='Extra Info']" position="after">
					<page string="Sale cases" attrs="{'invisible':[('contract_ids', '=', [])]}">
						<field name="contract_ids"/>
					</page>
				</xpath>
			</field>
		</record>


        <record id="account_analytic_account_form_form" model="ir.ui.view">
            <field name="name">account.analytic.account.invoice.form.inherit</field>
            <field name="model">account.analytic.account</field>
            <field name="inherit_id" ref="account_analytic_analysis.account_analytic_account_form_form"/>
            <field name="arch" type="xml">
				<!--
				<xpath expr="//button[@name='set_pending']" position="replace">
				</xpath>
				<xpath expr="//button[@name='set_close']" position="replace">
				</xpath>
				<xpath expr="//button[@name='set_open']" position="replace">
				</xpath>
				<xpath expr="//button[@name='set_cancel']" position="replace">
				</xpath>
				-->
				<xpath expr="//field[@name='manager_id']" position="after">
					<!-- <field name="support_manager_id"/> -->
					<field name="section_id"/>
					<field name="commissioning_manager_id"/>
					<field name="business_manager_id"/>
					<field name="consultant_id"/>
					<field name="notetaker_id"/>
					<field name="proof_reader_id"/>
				</xpath>
				<xpath expr="//field[@name='company_id']" position="after">
				</xpath>
				<xpath expr="//notebook" position="inside">
					<page string="Participants">
						<field name="participant_ids"/>
					</page>
				</xpath>
			</field>
		</record>

        <record model="ir.ui.view" id="sale_case_kanban_view">
            <field name="name">Contract (sale case) - Kanban view</field>
            <field name="model">account.analytic.account</field>
            <field name="arch" type="xml">
                <kanban default_group_by="state" quick_create="false" edit="false">
                    <field name="name"/>
                    <field name="color"/>
                    <templates>
                        <t t-name="kanban-box">
							<div t-attf-class="oe_kanban_color_#{kanban_getcolor(record.color.raw_value)} oe_kanban_card oe_kanban_global_click">
								<!--
								<div class="oe_dropdown_toggle oe_dropdown_kanban" groups="base.group_user">
									<span class="oe_e">í</span>
									<ul class="oe_dropdown_menu">
										<li><ul class="oe_kanban_colorpicker" data-field="color"/></li>
									</ul>
								</div>
								-->
								<div class="oe_kanban_content">
									<div><b><field name="name"/></b></div>
									<!--
								<t t-if="record.date_deadline.raw_value and record.date_deadline.raw_value lt (new Date())" t-set="red">oe_kanban_text_red</t> 

                                <div class="oe_kanban_footer_left" style="margin-top:5px;">
                                    <t t-raw="record.message_summary.raw_value"/>
                                    <field name="categ_ids"/>
                                </div>
                                <div class="oe_kanban_bottom_right">
                                    <img t-att-src="kanban_image('res.users', 'image_small', record.user_id.raw_value)" t-att-title="record.user_id.value" width="24" height="24" class="oe_kanban_avatar pull-right"/>
                                    <div class="pull-left" groups="base.group_user">
                                        <field name="kanban_state" widget="kanban_state_selection"/>
                                        <field name="priority" widget="priority"/>
                                    </div>
                                </div>
									-->
								</div>

								<div class="oe_clear"></div>
							</div>



						</t>
					</templates>
				</kanban>
			</field>
		</record>




        <!-- Action Sales/Sales/Contracts -->
        <record id="action_account_analytic_overdue_all" model="ir.actions.act_window">
            <field name="name">Contracts</field>
            <field name="res_model">account.analytic.account</field>
            <field name="view_type">form</field>
            <field name="view_mode">kanban,tree,form</field>
            <field name="context">{'default_type':'contract'}</field>
            <field name="domain">[('type','=','contract')]</field>
            <field name="search_view_id" ref="account_analytic_analysis.view_account_analytic_account_overdue_search"/>
            <field name="help" type="html">
                <p class="oe_view_nocontent_create">
                    Click to create a new contract.
                </p><p>
                    Use contracts to follow tasks, issues, timesheets or invoicing based on
                    work done, expenses and/or sales orders. Odoo will automatically manage
                    the alerts for the renewal of the contracts to the right salesperson.
                </p>
            </field>
        </record>


        <menuitem action="action_account_analytic_overdue_all" id="account_analytic_analysis.menu_action_account_analytic_overdue_all" sequence="8" parent="base.menu_sales" name="Contracts"/>



<!--
		<delete id="crm.menu_crm_opportunities" model="ir.ui.menu"/>
		<delete id="crm.menu_crm_leads" model="ir.ui.menu"/>
		<delete id="sale.menu_sale_quotations" model="ir.ui.menu"/>
		<delete id="sale.menu_sale_order" model="ir.ui.menu"/>
-->


        <!-- CRM Stage Form View -->
        <record model="ir.ui.view" id="crm_case_stage_form">
            <field name="name">crm.case.stage.form</field>
            <field name="model">crm.case.stage</field>
			<field name="inherit_id" ref="crm.crm_case_stage_form"/>
            <field name="arch" type="xml">
				<xpath expr="//field[@name='type']" position="after">
					<field name="sales_funnel_type"/>
				</xpath>
			</field>
		</record>

        <!-- Sale Order Form View  -->
        <record model="ir.ui.view" id="view_order_form">
            <field name="name">sale.order.form</field>
            <field name="model">sale.order</field>
			<field name="inherit_id" ref="sale.view_order_form"/>
			<field name="arch" type="xml">
				<xpath expr="//button[@name='action_quotation_send' and @states='draft']" position="attributes"><attribute name="invisible">1</attribute></xpath>
				<xpath expr="//button[@name='action_quotation_send' and @states='sent,progress,manual']" position="attributes"><attribute name="invisible">1</attribute></xpath>
				<xpath expr="//button[@name='print_quotation' and @states='draft']" position="attributes"><attribute name="invisible">1</attribute></xpath>
				<xpath expr="//button[@name='print_quotation' and @states!='draft']" position="attributes"><attribute name="invisible">1</attribute></xpath>
				<xpath expr="//button[@name='action_button_confirm' and @states='draft']" position="attributes"><attribute name="groups">access_custom.group_show_built_in_sale_buttons</attribute></xpath>
				<xpath expr="//button[@name='action_button_confirm' and @states='sent']" position="attributes"><attribute name="groups">access_custom.group_show_built_in_sale_buttons</attribute></xpath>
				<!--<xpath expr="//button[@name='cancel']" position="attributes"><attribute name="invisible">1</attribute></xpath>-->
				<xpath expr="//button[@name='copy_quotation']" position="attributes"><attribute name="invisible">1</attribute></xpath>
				<!--<xpath expr="//button[@name='action_cancel']" position="attributes"><attribute name="invisible">1</attribute></xpath>-->

				<xpath expr="//field[@name='state']" position="attributes">
					<attribute name="statusbar_visible">draft,progress,done</attribute>
				</xpath>
			</field>
		</record>

        <!-- CRM Lead Kanban View  -->
        <record model="ir.ui.view" id="crm_case_kanban_view_leads">
            <field name="name">CRM - Leads Kanban</field>
            <field name="model">crm.lead</field>
			<field name="inherit_id" ref="crm.crm_case_kanban_view_leads"/>
			<field name="arch" type="xml">
				<xpath expr="//templates" position="before">
					<field name="deal_time"/>
					<field name="last_action_time"/>
					<field name="stage_closed_id"/>
				</xpath>
				<xpath expr="//field[@name='title_action']" position="after">
                    <div style="padding-left: 0.5em">
						Last Action: <span t-esc="record.last_action_time.raw_value"/> <span t-esc="record.last_action_time > 1 and 'days' or 'day'"/>
					</div>
                    <div style="padding-left: 0.5em">
						Deal Time: <span t-esc="record.deal_time.raw_value"/> <span t-esc="record.deal_time > 1 and 'days' or 'day'"/>
						<t t-if="record.stage_closed_id.raw_value">
							<br/><span>Closed on: </span><field name="stage_closed_id"/>
						</t>
					</div>
				</xpath>
			</field>
		</record>
        <!-- CRM Lead Form View  -->
        <record model="ir.ui.view" id="crm.crm_case_form_view_oppor">
			<field name="priority" eval="10"/>
		</record>
        <record model="ir.ui.view" id="crm_case_form_view_oppor">
			<field name="name">Opportunity</field>
			<field name="model">crm.lead</field>
			<field name="inherit_id" ref="crm.crm_case_form_view_oppor"/>
			<field name="arch" type="xml">
				<xpath expr="//field[@name='active']" position="after">
					<field name="archived"/>
				</xpath>
				<xpath expr="//button[@name='case_mark_won']" position="attributes">
					<attribute name="invisible">1</attribute>
				</xpath>
				<xpath expr="//button[@name='case_mark_lost']" position="attributes">
					<attribute name="invisible">1</attribute>
				</xpath>
				<xpath expr="//button[@string='Create Quotation']" position="attributes">
					<attribute name="invisible">1</attribute>
				</xpath>
				<xpath expr="//button[@string='Convert to Quotation']" position="attributes">
					<attribute name="invisible">1</attribute>
				</xpath>
				<xpath expr="//button[@name='case_mark_won']" position="before">
					<field name="proposal_id" invisible="True"/>
					<field name="id" invisible="1"/>
					<field name="sales_funnel_type" invisible="1"/>
					<field name="is_proposal_sent" invisible="1"/>
					<button type="action" name="%(action_create_proposal_lead)d" class="oe_highlight" string="Create quotation" attrs="{'invisible':['|','|',('sale_order_lines','=', []),('sales_funnel_type','!=', 'lead'), ('proposal_id','!=', False)]}" context="{'lead_id': id}"/>
					<button name="edit_proposal" string="Edit quotation" attrs="{'invisible':['|',('sales_funnel_type', '!=', 'quotation'),('proposal_id', '=', False)]}" type="object"/>
					<button name="open_proposal" string="Open quotation" attrs="{'invisible':[('proposal_id', '=', False)]}" type="object"/>
					<button type="object" name="action_send_proposal" string="Edit mail &amp; Send" attrs="{'invisible': ['|', ('sale_order_lines','=', []), ('sales_funnel_type', '!=', 'quotation')]}"/>
					<button type="object" name="action_send_proposal_quick" class="oe_highlight" string="Send" attrs="{'invisible': ['|', ('sale_order_lines','=', []), ('sales_funnel_type', '!=', 'quotation')]}"/>
					<button name="proposal_confirmed_backend" class="oe_highlight" string="Won" attrs="{'invisible':['|',('sales_funnel_type','not in', ['negotiation']),('is_proposal_sent', '=', False)]}"/>
					
				</xpath>

				<xpath expr="//field[@name='section_id']" position="after">
					<field name="company_id" readonly="1"/>
				</xpath>
				<xpath expr="//field[@name='categ_ids']/.." position="before">
					<group>
						<field name="contract_id" readonly="1"/>
						<field name="project_id" readonly="1"/>
						<label for="project_start_date" string="Project time interval"/>
						<div>
							<field name="project_start_date" nolabel="1"/> - <field  name="project_end_date"/>
							<span attrs="{'invisible': ['|',('sales_funnel_type','!=', 'negotiation'),'&amp;',('project_end_date','!=',False),('project_start_date','!=',False)]}" style="color:red"><b>No interval</b></span>
						</div>
					</group>
				</xpath>
				<xpath expr="//notebook/page[@string='Internal Notes']" position="replace">
					<page string="Details">
						<!-- <button t-if="not sale_order_id" type="object" name="action_create_sale_order"/> -->
						<group>
							
							<group>
								<field name="sale_order_id" readonly="True"/>
							</group>
							<!--
							<label for="open_proposal" string="Proposal"/>
							<button name="open_proposal" string="Open quotation" attrs="{'invisible':[('proposal_id', '=', False)]}" type="object"/>
							-->
							<group>
								<field name="sale_order_state"/>
							</group>
						</group>

						<field name="pricelist_id" invisible="1"/>
						<field name="fiscal_position" invisible="1"/>
						<field name="date_order" invisible="1"/>

						<div class="text-center" attrs="{'invisible': [('sale_order_id','!=', False)]}"><button name="create_sale_order" string="Create sale order" type="object"/></div>
						<p class="text-center" style="color:red" attrs="{'invisible': [('sale_order_lines','!=', [])]}">No Lines:</p>
                            <field name="sale_order_lines" attrs="{'readonly':[('sale_order_state', 'not in', ['draft', 'sent'])]}">
                                <form string="Sales Order Lines">
                                    <header groups="base.group_user">
                                        <button name="(%sale.action_view_sale_order_line_make_invoice)d" states="confirmed" string="Invoice" type="action" icon="terp-document-new"/>
                                        <field name="state" widget="statusbar" statusbar_visible="draft,confirmed,done" statusbar_colors='{"exception":"red","cancel":"red"}'/>
                                    </header>
                                    <group>
                                        <group>
                                            <field name="product_id"
                                                context="{'partner_id':parent.partner_id, 'quantity':product_uom_qty, 'pricelist':parent.pricelist_id, 'uom':product_uom}"
                                                groups="base.group_user"
                                                on_change="product_id_change(parent.pricelist_id, product_id, product_uom_qty, False, product_uos_qty, False, name, parent.partner_id, False, True, parent.date_order, False, parent.fiscal_position, False, context)"/>
                                            <label for="product_uom_qty"/>
                                            <div>
                                                <field
                                                    context="{'partner_id':parent.partner_id, 'quantity':product_uom_qty, 'pricelist':parent.pricelist_id, 'uom':product_uom}"
                                                    name="product_uom_qty" class="oe_inline"
                                                    on_change="product_id_change(parent.pricelist_id,product_id,product_uom_qty,product_uom,product_uos_qty,product_uos,name,parent.partner_id, False, False, parent.date_order, False, parent.fiscal_position, True, context)"/>
                                                <field name="product_uom" groups="product.group_uom" class="oe_inline oe_no_button"

                                                    on_change="product_uom_change(parent.pricelist_id,product_id,product_uom_qty,product_uom,product_uos_qty,product_uos,name,parent.partner_id, False, False, parent.date_order, context)"/>
                                            </div>
                                            <label for="product_uos_qty" groups="product.group_uos"/>
                                            <div groups="product.group_uos">
                                                <field name="product_uos_qty" class="oe_inline"/>
                                                <field name="product_uos" options='{"no_open": True}' class="oe_inline"/>
                                            </div>
                                            <field name="price_unit"/>
                                            <label for="discount" groups="sale.group_discount_per_so_line"/>
                                            <div name="discount" groups="sale.group_discount_per_so_line">
                                                <field name="discount" class="oe_inline"/> %%
                                            </div>
                                        </group>
                                        <group>
                                            <field name="tax_id" widget="many2many_tags" domain="[('parent_id','=',False),('type_tax_use','&lt;&gt;','purchase')]"/>
                                            <field name="th_weight"/>
                                            <!-- we should put a config wizard for these two fields -->
                                            <field name="address_allotment_id"/>
                                        </group>
                                    </group>
                                    <label for="name"/>
                                    <field name="name"/>
                                    <div groups="base.group_no_one">
                                        <label for="invoice_lines"/>
                                        <field name="invoice_lines"/>
                                    </div>
                                </form>
                                <tree string="Sales Order Lines" editable="bottom">
                                    <field name="sequence" widget="handle"/>
                                    <field name="state" invisible="1"/>
                                    <field name="th_weight" invisible="1"/>
                                    <field name="product_id"
                                        context="{'partner_id':parent.partner_id, 'quantity':product_uom_qty, 'pricelist':parent.pricelist_id, 'uom':product_uom}"
                                        groups="base.group_user"
                                        on_change="product_id_change(parent.pricelist_id, product_id, product_uom_qty, False, product_uos_qty, False, name, parent.partner_id, False, True, parent.date_order, False, parent.fiscal_position, False, context)"/>
                                    <field name="name"/>
                                    <field name="product_uom_qty"
                                        context="{'partner_id':parent.partner_id, 'quantity':product_uom_qty, 'pricelist':parent.pricelist_id, 'uom':product_uom}"
                                        on_change="product_id_change(parent.pricelist_id, product_id, product_uom_qty, product_uom, product_uos_qty, product_uos, name, parent.partner_id, False, False, parent.date_order, False, parent.fiscal_position, True, context)"/>
                                    <field name="product_uom"
                                        on_change="product_uom_change(parent.pricelist_id, product_id, product_uom_qty, product_uom, product_uos_qty, product_uos, name, parent.partner_id, False, False, parent.date_order, context)"
                                        groups="product.group_uom" options='{"no_open": True}'/>
                                    <field name="product_uos_qty" groups="product.group_uos" invisible="1"/>
                                    <field name="product_uos" string="UoS" groups="product.group_uos" invisible="1"/>
                                    <field name="price_unit"/>
                                    <field name="tax_id" widget="many2many_tags" domain="[('parent_id','=',False),('type_tax_use','&lt;&gt;','purchase')]"/>
                                    <field name="discount" groups="sale.group_discount_per_so_line"/>
                                    <field name="price_subtotal"/>
                                </tree>
                            </field>

							<separator string="Internal note" class="oe_edit_only"/>
							<field name="description"/>


					</page>
				</xpath>

			</field>
		</record>

        <record model="ir.ui.view" id="crm_case_form_view_oppor_sale_manager">
			<field name="name">Opportunity</field>
			<field name="model">crm.lead</field>
			<field name="inherit_id" ref="sale_mediation_custom.crm_case_form_view_oppor"/>
			<field name="groups_id" eval="[(6, 0, [ref('base.group_sale_manager') ])]"/>

			<field name="arch" type="xml">
				<xpath expr="//field[@name='company_id']" position="attributes">
					<attribute name="readonly">0</attribute>
				</xpath>
				<xpath expr="//field[@name='project_id']" position="attributes">
					<attribute name="readonly">0</attribute>
				</xpath>
			</field>
		</record>

        <record model="ir.ui.view" id="crm_case_section_salesteams_view_kanban">
            <field name="name">crm.case.section.kanban</field>
            <field name="model">crm.case.section</field>
            <field name="inherit_id" ref="crm.crm_case_section_salesteams_view_kanban"/>
            <field name="arch" type="xml">
				<xpath expr="//div[@class='oe_salesteams_leads']" position="replace">
				</xpath>
			</field>
		</record>

        <record id="action_create_sale_case" model="ir.actions.server">
            <field name="name">Create sales funnel (from lead)</field>
            <field name="model_id" ref="model_crm_lead"/>
            <field name="state">code</field>
            <field name="code">
                if context.get('active_model') == 'crm.lead' and context.get('active_ids'):
                    self.action_create_sale_case(cr, uid, context['active_ids'], context=context)
            </field>
        </record>

        <record id="ir_mark_as_lost" model="ir.values">
            <field eval="'client_action_multi'" name="key2"/>
            <field eval="'crm.lead'" name="model"/>
            <field name="name">Create sale case</field>
            <field eval="'ir.actions.server,%d'%action_create_sale_case" name="value"/>
        </record>


		<!-- PHONE CALLS MENUS -->

		<!-- Logged Calls -->
		<record model="ir.actions.act_window" id="crm.crm_case_categ_phone_incoming0">
			<field name="context">{"search_default_user_id":uid, 'default_state':'done'}</field>
			<field name="domain">[('state','in', ['done','cancel'])]</field>
			<field name="view_id" ref="crm.crm_case_phone_tree_view"/>
		</record>
		<record model="ir.actions.act_window.view" id="crm.action_crm_tag_tree_phone_incoming0">
			<field name="sequence" eval="1"/>
			<field name="view_mode">tree</field>
			<field name="view_id" ref="crm.crm_case_phone_tree_view"/>
			<field name="act_window_id" ref="crm.crm_case_categ_phone_incoming0"/>
		</record>
		<record model="ir.ui.view" id="crm_case_phone_tree_view">
			<field name="model">crm.phonecall</field>
			<field name="inherit_id" ref="crm.crm_case_phone_tree_view"/>
			<field name="arch" type="xml">
				<xpath expr="//tree" position="attributes">
					<attribute name="colors">gray:state in ('cancel',);blue:state in ('pending',)</attribute>
				</xpath>
				<xpath expr="//button[@name='action_make_meeting']" position="before">
					<button string="Schedule Other Call"
							icon="terp-call-start"
							name="%(crm.phonecall_to_phonecall_act)d"
							type="action"/>
				</xpath>
				<xpath expr="//button[@name='action_make_meeting']" position="attributes">
					<attribute name="states"></attribute>
				</xpath>
				<xpath expr="//button[@name='action_button_convert2opportunity']" position="attributes">
					<attribute name="states"></attribute>
				</xpath>
			</field>
		</record>

		<!-- Scheduled Calls -->
		<record model="ir.actions.act_window" id="crm.crm_case_categ_phone_outgoing0">
			<field name="domain">[('state','not in', ['done','cancel'])]</field>
			<field name="context">{"search_default_user_id":uid}</field>
		</record>

	</data>

	<data noupdate="1">

        <record id="email_template_proposal_lead" model="email.template">
            <field name="name">Send Quotation</field>
            <!--<field name="email_from">${(object.user_id.email or '')|safe}</field>-->
            <field name="subject">${object.company_id.name|safe} Quotation (Ref ${object.name or 'n/a' })</field>
            <field name="partner_to">${object.partner_id.id}</field>
            <field name="model_id" ref="crm.model_crm_lead"/>
            <field name="auto_delete" eval="True"/>
            <field name="report_template" ref="action_report_proposal_lead"/>
            <field name="report_name">${object.name.replace('/','')}-quotation</field>
            <field name="lang">${object.partner_id.lang}</field>
            <field name="body_html"><![CDATA[

    <p>Hello ${object.partner_id.name}, please check attached document.</p>

	<p>To sign document you can use our online tool: <a href="/website_proposal/${object.proposal_id.id}/${object.proposal_id.access_token}">open document ${object.name}</a>

]]></field>

		</record>
	</data>

</openerp>
