<?xml version="1.0" encoding="utf-8"?>
<openerp>
    <data>
		<!-- LEAD based -->

        <record id="wkf_sales_funnel_lead" model="workflow">
            <field name="name">sales_funnel_lead</field>
            <field name="osv">crm.lead</field>
            <field name="on_create">True</field>
        </record>

        <!-- Activity -->
        <record id="act_lead_lead" model="workflow.activity">
            <field name="wkf_id" ref="wkf_sales_funnel_lead"/>
            <field name="flow_start">True</field>
            <field name="name">lead</field>
        </record>
        
        <record id="act_lead_quotation" model="workflow.activity">
            <field name="wkf_id" ref="wkf_sales_funnel_lead"/>
            <field name="name">quotation</field>
            <field name="kind">function</field>
            <field name="action">action_set_state_quotation()</field>
        </record>

        <record id="act_lead_negotiation" model="workflow.activity">
            <field name="wkf_id" ref="wkf_sales_funnel_lead"/>
            <field name="name">negotiation</field>
            <field name="kind">function</field>
            <field name="action">action_set_state_negotiation()</field>
        </record>

        <record id="act_lead_sale_won" model="workflow.activity">
            <field name="wkf_id" ref="wkf_sales_funnel_lead"/>
            <field name="name">sale_won</field>
            <field name="kind">function</field>
            <field name="action">action_set_state_sale_won()</field>
        </record>

        <record id="act_lead_sale_lost" model="workflow.activity">
            <field name="wkf_id" ref="wkf_sales_funnel_lead"/>
            <field name="name">sale_lost</field>
            <field name="kind">function</field>
            <field name="action">action_set_state_sales_lost()</field>
        </record>
        <!-- Transistion -->

        <record id="trans_lead_lead_quotation" model="workflow.transition">
            <field name="act_from" ref="act_lead_lead"/>
            <field name="act_to" ref="act_lead_quotation"/>
            <field name="signal">proposal_created</field>
        </record>
        <record id="trans_lead_quotation_negotiation" model="workflow.transition">
            <field name="act_from" ref="act_lead_quotation"/>
            <field name="act_to" ref="act_lead_negotiation"/>
            <field name="signal">proposal_sent</field>
        </record>
        <record id="trans_lead_negotiation_sale_won" model="workflow.transition">
            <field name="act_from" ref="act_lead_negotiation"/>
            <field name="act_to" ref="act_lead_sale_won"/>
            <field name="signal">proposal_confirmed_backend</field>
        </record>

        <record id="trans_lead_negotiation_sale_lost" model="workflow.transition">
            <field name="act_from" ref="act_lead_negotiation"/>
            <field name="act_to" ref="act_lead_sale_lost"/>
            <field name="signal">proposal_rejected</field>
        </record>


    </data>
</openerp>
