<?xml version="1.0" encoding="UTF-8"?>
<templates id="template" xml:space="preserve">
    <t t-name="PaypadButtonWidget">
        <button t-attf-class="paypad-button #{widget.cashregister.journal.debt and 'debt' or ''}" t-att-cash-register-id="widget.cashregister.id">
           <t t-esc="widget.cashregister.journal.name"/>
        </button>
    </t>

    <t t-extend="ClientDetails">
        <t t-jquery=".client-details-right" t-operation="append">
            <div class="client-detail">
                <span class='label'>Debt</span>
                <span t-attf-class="detail client-debt #{partner.debt gt 0 and 'positive' or partner.debt lt 0 and 'negative' or 'empty'}"><t t-esc='widget.format_currency(partner.debt)'/></span>
            </div>
        </t>
    </t>

    <t t-extend="ActionpadWidget">
        <t t-jquery="t[t-if*='!widget.pos.get_client()']" t-operation="after">
            <br/>
            <t t-esc="(widget.pos.get_client() ? ' [Debt: ' + (Math.round(widget.pos.get_client().debt * 100) / 100).toString() + ']': '')"/>
        </t>
    </t>

    <t t-extend="PaymentScreenWidget">
        <t t-jquery="t[t-if*='!widget.pos.get_client()']" t-operation="after">
            <t t-esc="(widget.pos.get_client() ? ' [Debt: ' + (Math.round(widget.pos.get_client().debt * 100) / 100).toString() + ']': '')"/>
        </t>

        <t t-jquery=".js_set_customer" t-operation="after">
            <div class="button pay-full-debt oe_hidden">
                <i class='fa fa-money' /> Pay Full Debt
            </div>
        </t>
    </t>

    <t t-extend="ClientListScreenWidget">
        <t t-jquery=".button.next" t-operation="before">
            <span class="button set-customer-pay-full-debt oe_hidden highlight">
                Pay Full Debt
            </span>
        </t>
    </t>
</templates>
