<?xml version="1.0" encoding="utf-8"?>
<openerp><data>

<record id="view_partner_form" model="ir.ui.view">
    <field name="model">res.partner</field>
    <field name="inherit_id" ref="base.view_partner_form"/>
    <field eval="1" name="priority"/>
    <field name="arch" type="xml">
        <xpath expr="//field[@name='child_ids']/kanban/templates" position="before">
            <field name="record_url"/>
        </xpath>
        <!--
        <xpath expr="//field[@name='child_ids']/kanban/templates/t/div/div/a[@type='open']" position="attributes">
            <attribute name="type"></attribute>
            <attribute name="t-att-href">record.record_url.raw_value</attribute>
        </xpath>
        -->
        <xpath expr="//field[@name='child_ids']/kanban/templates//h4/a[@type='open']" position="attributes">
            <attribute name="type"></attribute>
            <attribute name="t-att-href">record.record_url.raw_value</attribute>
        </xpath>
    </field>
</record>

</data></openerp>
