<?xml version="1.0" encoding="utf-8"?>
<openerp>
    <data>

<!--
  "Product variant multi" module for OpenERP
  The licence is in the file __openerp__.py
  @author Alexis de Lattre <alexis.delattre@akretion.com>
  @author Sebastien Beau <sebastien.beau@akretion.com>
-->


        <menuitem name="Variant Dimensions" id="menu_variant_dimension" parent="product.prod_config_main" />


        <!-- DIMENSION OPTION -->
        <record id="product_variant_multi_dimension_option_seach" model="ir.ui.view">
            <field name="name">product.variant.multi.dimension.option.search</field>
            <field name="model">product.variant.dimension.option</field>
            <field name="arch" type="xml">
                <search string="Dimension Options Search">
                    <field name="name"/>
                    <field name="dimension_id"/>
                </search>
            </field>
        </record>

        <record id="product_variant_multi_dimension_option_tree" model="ir.ui.view">
            <field name="name">product.variant.multi.dimension.option.tree</field>
            <field name="model">product.variant.dimension.option</field>
            <field name="arch" type="xml">
                <tree string="Dimension Options" editable="top">
                    <field name="dimension_id" invisible="not context.get('dimension_option_main_view', False)" />
                    <field name="name" />
                    <field name="sequence" />
                    <field name="code" />
                </tree>
            </field>
        </record>

        <record id="product_variant_multi_dimension_option_form" model="ir.ui.view">
            <field name="name">product.variant.multi.dimension.option.form</field>
            <field name="model">product.variant.dimension.option</field>
            <field name="arch" type="xml">
                <form string="Dimension Options">
                    <field name="dimension_id" invisible="not context.get('dimension_option_main_view', False)" />
                    <newline />
                    <field name="sequence" />
                    <field name="name" />
                    <field name="code" />
                </form>
            </field>
        </record>

        <record id="action_dimension_option" model="ir.actions.act_window">
            <field name="name">Dimension Options</field>
            <field name="res_model">product.variant.dimension.option</field>
            <field name="view_type">form</field>
            <field name="view_mode">tree,form</field>
            <field name="context">{'dimension_option_main_view': True}</field>
        </record>

        <menuitem id="menu_variant_dimension_option" parent="menu_variant_dimension" action="action_dimension_option" />


        <!-- DIMENSION VALUES -->
        <record id="product_variant_multi_dimension_value_search" model="ir.ui.view">
            <field name="name">product.variant.multi.dimension.value.search</field>
            <field name="model">product.variant.dimension.value</field>
            <field name="arch" type="xml">
                <search string="Dimension Values Search">
                    <field name="product_tmpl_id"/>
                    <field name="option_id"/>
                </search>
            </field>
        </record>


        <record id="product_variant_multi_dimension_value_tree" model="ir.ui.view">
            <field name="name">product.variant.multi.dimension.value.tree</field>
            <field name="model">product.variant.dimension.value</field>
            <field name="arch" type="xml">
                <tree string="Dimension Values" editable="top">
                    <field name="product_tmpl_id" invisible="not context.get('dimension_value_main_view', False)" />
                    <field name="active" />
                    <field name="dimension_id" />
                    <field name="option_id" />
                    <field name="sequence" />
                    <field name="cost_price_extra" />
                    <field name="price_extra" />
                </tree>
            </field>
        </record>

        <record id="product_variant_multi_dimension_value_form" model="ir.ui.view">
            <field name="name">product.variant.multi.dimension.value.form</field>
            <field name="model">product.variant.dimension.value</field>
            <field name="arch" type="xml">
                <form string="Dimension Values">
                    <field name="product_tmpl_id" invisible="not context.get('dimension_value_main_view', False)" />
                    <field name="active" />
                    <field name="dimension_id" />
                    <newline />
                    <field name="option_id" />
                    <field name="sequence" />
                    <field name="cost_price_extra" />
                    <field name="price_extra" />
                    <field name="price_margin" />
                </form>
            </field>
        </record>

        <record id="action_dimension_value" model="ir.actions.act_window">
            <field name="name">Dimension values</field>
            <field name="res_model">product.variant.dimension.value</field>
            <field name="view_type">form</field>
            <field name="view_mode">tree,form</field>
            <field name="context">{'dimension_value_main_view': True}</field>
        </record>


        <!-- DIMENSION TYPE -->
        <record id="product_variant_multi_dimension_type_search" model="ir.ui.view">
            <field name="name">product.variant.multi.dimension.type.search</field>
            <field name="model">product.variant.dimension.type</field>
            <field name="arch" type="xml">
                <search string="Dimension Type Search">
                    <field name="name"/>
                </search>
            </field>
        </record>

        <record id="product_variant_multi_dimension_type_tree" model="ir.ui.view">
            <field name="name">product.variant.multi.dimension.type.tree</field>
            <field name="model">product.variant.dimension.type</field>
            <field name="arch" type="xml">
                <tree string="Dimension Types">
                    <field name="name" />
                    <field name="description" />
                </tree>
            </field>
        </record>

        <record id="product_variant_multi_dimension_type_form" model="ir.ui.view">
            <field name="name">product.variant.multi.dimension.type.form</field>
            <field name="model">product.variant.dimension.type</field>
            <field name="arch" type="xml">
                <form string="Dimension Types" version="7.0">
                    <sheet>
                        <div class="oe_title">
                            <label for="name" string="Dimension Type Name" class="oe_edit_only"/>
                            <h1>
                                <field name="name" />
                            </h1>
                        </div>
                        <group>
                            <field name="description" />
                            <field name="sequence" />
                            <field name="allow_custom_value" />
                            <field name="mandatory_dimension" />
                            <field name="option_ids" nolabel="1" colspan="4"/>
                        </group>
                    </sheet>
                </form>
            </field>
        </record>


        <record id="action_dimension_type" model="ir.actions.act_window">
            <field name="name">Dimension Types</field>
            <field name="res_model">product.variant.dimension.type</field>
            <field name="view_type">form</field>
            <field name="view_mode">tree,form</field>
            <field name="context">{'dimension_type_main_view': True}</field>
        </record>

        <menuitem id="menu_variant_dimension_types" parent="menu_variant_dimension" action="action_dimension_type" />


        <!-- PRODUCT TEMPLATE -->

<!-- TODO remove useless view of product.template in the module product or fusion this view with the existing view in product, it's depend how the inheritage on this view will be managed by the other module-->

<!--TODO add a wizard to add the option-->
<!--<button name="add_some_option" string="Add " type="object" colspan="2"/>-->

        <record id="product_search_form_view_template" model="ir.ui.view">
            <field name="name">product.search.form.template</field>
            <field name="model">product.template</field>
            <field name="arch" type="xml">
                <search string="Product Template">
                   <field name="name"/>
                </search>
            </field>
        </record>

        <record id="product_variant_multi_product_template_form_view" model="ir.ui.view">
            <field name="name">product.variant.multi.product.template.form</field>
            <field name="model">product.template</field>
            <field name="inherit_id" ref="product.product_template_form_view" />
            <field name="arch" type="xml">
                <xpath expr="//field[@name='categ_id']/.." position="after">
                    <group>
                        <field name="is_multi_variants"/>
                    </group>
                </xpath>
                <xpath expr="//notebook" position="inside">
                    <page string="Variants">
                        <group colspan="1" col="4" attrs="{'invisible':[('is_multi_variants','=',False)]}">
                            <field name="dimension_type_ids" nolabel="1" colspan="4" />
                            <button name="add_all_option" string="Add All Options" type="object" colspan="2"/>
                            <field name="value_ids" nolabel="1" colspan="4" />
                            <field name="variant_model_name" colspan="4"/>
                            <field name="variant_model_name_separator" colspan="4"/>
                            <field name="code_generator" colspan="4"/>
                            <field name="variant_track_production" colspan="4"/>
                            <field name="variant_track_incoming" colspan="4"/>
                            <field name="variant_track_outgoing" colspan="4"/>
                            <field name="do_not_generate_new_variant" colspan="4"/>
                            <field name="do_not_update_variant" colspan="4"/>
                            <button name="button_generate_variants" string="Generate / Update Variants" type="object" colspan="4"/>
                        </group>
                        <field name="variant_ids" string="Variants" nolabel="1"  colspan="1">
                            <tree string="Variants">
                                <field name="code" />
                                <field name="name" />
                                <field name="variants" string="Dimension Values" />
                            </tree>
                        </field>
                    </page>
                </xpath>
            </field>
        </record>

        <record id="product_template" model="ir.actions.act_window">
            <field name="name">Product Templates</field>
            <field name="res_model">product.template</field>
            <field name="view_type">form</field>
            <field name="domain">[('is_multi_variants','=',True)]</field>
            <field name="view_mode">tree,form</field>
        </record>

        <menuitem action="product_template" id="menu_template" parent="product.prod_config_main" />


        <!-- PRODUCT VARIANTS -->

        <!-- TODO remove useless view of product.product in the module product or move this correct view in product, it's depend how the heritage on this view will be managed by the other module -->

        <record id="product_search_form_view_variants" model="ir.ui.view">
            <field name="name">product.search.form.variants</field>
            <field name="model">product.product</field>
            <field name="inherit_id" ref="product.product_search_form_view"/>
            <field name="arch" type="xml">
                <field name="categ_id" position="after">
                    <field name="product_tmpl_id"/>
                    <field name="variants"/>
                </field>
            </field>
        </record>

        <record id="product_variant_form_view" model="ir.ui.view">
            <field name="name">product.variant.form</field>
            <field name="model">product.product</field>
            <field name="arch" type="xml">
                <form string="Product Variant" version="7.0">
                    <sheet>
                        <div class="oe_title">
                            <label for="name"/>
                            <h1>
                                <field name="name" required="1"/>
                            </h1>
                            <label for="product_tmpl_id"/>
                            <h2>
                                <field name="product_tmpl_id" />
                            </h2>
                        </div>
                        <group>
                            <field name="variants" />
                            <field name="default_code" />
                            <field name="active" />
                        </group>
                        <notebook colspan="4">
                            <page string="Dimensions">
                                <separator string="Dimension Values" colspan="4"/>
                                <field name="dimension_value_ids" context="{'product_tmpl_id':product_tmpl_id}" nolabel="1" colspan="4"/>
                            </page>
                            <page string="Prices">
                                <group>
                                    <field name="list_price" string="Template Sale Price" readonly="1"/>
                                    <field name="price_margin" />
                                    <field name="price_extra" />
                                    <field name="cost_price_extra"/>
                                </group>
                            </page>
                        </notebook>
                    </sheet>
                </form>
            </field>
        </record>

        <record id="product_variant_tree_view" model="ir.ui.view">
            <field name="name">product.variant.tree</field>
            <field name="model">product.product</field>
            <field name="arch" type="xml">
                <tree string="Product Variant">
                    <field name="default_code"/>
                    <field name="name"/>
                    <field name="product_tmpl_id"/>
                    <field name="variants"/>
                    <field name="price_extra"/>
                    <field name="cost_price_extra"/>
                </tree>
            </field>
        </record>

        <record id="product_variant" model="ir.actions.act_window">
            <field name="name">Product Variants</field>
            <field name="res_model">product.product</field>
            <field name="view_type">form</field>
            <field name="view_mode">tree,form</field>
        </record>

        <record id="action_variant_tree" model="ir.actions.act_window.view">
            <field name="sequence" eval="10" />
            <field name="view_mode">tree</field>
            <field name="act_window_id" ref="product_variant" />
            <field name="view_id" ref="product_variant_tree_view" />
        </record>

        <record id="action_variant_form" model="ir.actions.act_window.view">
            <field name="sequence" eval="20" />
            <field name="view_mode">form</field>
            <field name="act_window_id" ref="product_variant" />
            <field name="view_id" ref="product_variant_form_view" />
        </record>

        <menuitem action="product_variant" id="menu_variant" parent="product.prod_config_main" />

        <record id="product_normal_variant_form_view" model="ir.ui.view">
            <field name="name">product.normal.variant.form</field>
            <field name="model">product.product</field>
            <field name="inherit_id" ref="product.product_normal_form_view" />
            <field name="arch" type="xml">
                <field name="name" position="attributes">
                    <attribute name="required">1</attribute>
                </field>
                <div name="options" position="inside">
                    <field name="is_multi_variants" readonly="1"/>
                    <label for="is_multi_variants" />
                </div>
                <field name="standard_price" position="replace">
                    <group name='cost_prices' colspan="2" col="2">
                        <field name="standard_price" attrs="{'readonly':[('cost_method','=','average')]}"/>
                        <field name="cost_price_extra" groups="product.group_product_variant"/>
                    </group>
                </field>
                <group name="Weights" position="replace">
                     <group colspan="4" col="6" name="Weights" groups="product.group_stock_packaging">
                        <group name="template_weights" string="Template Weights">
                            <field digits="(14, 3)" name="volume" attrs="{'readonly':[('type','=','service')]}"/>
                            <field name="weight" attrs="{'readonly':[('type','=','service')]}"/>
                            <field name="weight_net" attrs="{'readonly':[('type','=','service')]}"/>
                        </group>
                        <group name="variant_weights" string="Variant Weights" attrs="{'invisible':[('is_multi_variants','=',False)]}">
                            <field digits="(14, 3)" name="additional_volume" attrs="{'readonly':[('type','=','service')]}"/>
                            <field name="additional_weight" attrs="{'readonly':[('type','=','service')]}"/>
                            <field name="additional_weight_net" attrs="{'readonly':[('type','=','service')]}"/>
                        </group>
                        <group name="total_weights" string="Total Weights" attrs="{'invisible':[('is_multi_variants','=',False)]}">
                            <field digits="(14, 3)" name="total_volume"/>
                            <field name="total_weight"/>
                            <field name="total_weight_net"/>
                        </group>
                    </group>
                </group>
            </field>
        </record>

    </data>
</openerp>
