<?xml version="1.0" encoding="utf-8"?>
<openerp>
    <data>
        <!-- res.bank -->
        <record id="view_partner_bank_form" model="ir.ui.view">
            <field name="name">res.partner.bank.form</field>
            <field name="model">res.partner.bank</field>
			<field name="inherit_id" ref="base.view_partner_bank_form"/>
            <field name="arch" type="xml">
				<xpath expr="//field[@name='acc_number']" position="after">
					<field name="sort_code"/>
				</xpath>
			</field>
		</record>
	</data>
</openerp>
