<?xml version="1.0" encoding="utf-8"?>
<openerp><data>

<record model="ir.ui.view" id="view_calendar_event_form">
    <field name="model">calendar.event</field>
    <field name="inherit_id" ref="calendar.view_calendar_event_form"/>
    <field name="arch" type="xml">
        <xpath expr="//label[@for='description']" position="after">
            <field name="reminder_res_id" invisible="1"/>
            <button string="Open Related Record" name="open_reminder_object" type="object" attrs="{'invisible':[('reminder_res_id', '=', 0)]}"/>
        </xpath>
    </field>
</record>

<record model="ir.ui.view" id="view_calendar_event_form_popup">
    <field name="model">calendar.event</field>
    <field name="inherit_id" ref="calendar.view_calendar_event_form_popup"/>
    <field name="arch" type="xml">
        <xpath expr="//field[@name='attendee_status']" position="after">
            <field name="reminder_res_id" invisible="1"/>
            <div attrs="{'invisible':[('reminder_res_id', '=', 0)]}">
            <label for="open_reminder_object"/>
            <button string="Open Related Record" name="open_reminder_object" type="object"/>
            </div>
        </xpath>
    </field>
</record>


<!-- reminder.admin -->
<record id="view_reminder_admin" model="ir.ui.view">
    <field name="name">Reminder Administration</field>
    <field name="model">reminder.admin</field>
    <field name="arch" type="xml">
        <form string="Reminder Administration">
            <p>In the main, this tool is used after installation or before uninstallation Reminder module</p>
            <group>
                <field name="model" class="oe_inline"/>
                <field name="events_count" />
                <field name="action" class="oe_inline" />
            </group>
            <footer>
                <div>
                    <button name="action_execute" string="Execute" type="object" class="oe_highlight"/> or
                    <button special="cancel" string="Close" class="oe_link"/>
                </div>
            </footer>
        </form>
    </field>
</record>

<record id="action_reminder_admin" model="ir.actions.act_window">
    <field name="name">Reminder administration</field>
    <field name="type">ir.actions.act_window</field>
    <field name="res_model">reminder.admin</field>
    <field name="view_type">form</field>
    <field name="view_mode">form</field>
    <field name="target">new</field>
</record>

<menuitem id="menu_reminder_admin" parent="calendar.menu_calendar_configuration" action="action_reminder_admin" groups="base.group_no_one"/>


</data></openerp>
