<?xml version="1.0" encoding="utf-8"?>
<openerp>
  <data>
        <record id="mt_autostaging" model="mail.message.subtype">
            <field name="name">Autostaging</field>
            <field name="res_model">project.task</field>
            <field name="default" eval="False"/>
            <field name="description">Autostaging</field>
        </record>

        <record id="mt_autostaging_project" model="mail.message.subtype">
            <field name="name">Autostaging</field>
            <field name="res_model">project.project</field>
            <field name="default" eval="True"/>
            <field name="parent_id" eval="ref('mt_autostaging')"/>
            <field name="relation_field">project_id</field>
        </record>

        <record id="view_project_form_autostaging_enabled" model="ir.ui.view">
            <field name="name">project.form.allow.automove</field>
            <field name="model">project.project</field>
            <field name="inherit_id" ref="project.edit_project"/>
            <field name="arch" type="xml">
                <data>
                    <xpath expr="//group[@name='misc']" position="inside">
                        <field name="autostaging_enabled"/>
                     </xpath>
                </data>
            </field>
        </record>

        <record id="view_project_task_type_form_autostaging" model="ir.ui.view">
            <field name="name">project.task.type.form.autostaging</field>
            <field name="model">project.task.type</field>
            <field name="inherit_id" ref="project.task_type_edit"/>
            <field name="arch" type="xml">
                <data>
                    <xpath expr="//field[@name='sequence']" position="after">
                        <group  colspan="2" col="2" string="Autostaging">
                            <field name="autostaging_enabled"/>
                            <field name="autostaging_next_stage" attrs="{'required': [('autostaging_enabled','=',True)], 'readonly':[('autostaging_enabled', '=', False)]}"/>
                            <field name="autostaging_idle_timeout" attrs="{'required': [('autostaging_enabled','=',True)], 'readonly':[('autostaging_enabled', '=', False)]}"> <span>days</span> </field>
                        </group>
                    </xpath>
                </data>
            </field>
        </record>


        <record id="view_project_task_type_tree_autostaging" model="ir.ui.view">
            <field name="name">project.task.type.tree.autostaging</field>
            <field name="model">project.task.type</field>
            <field name="inherit_id" ref="project.task_type_tree"/>
            <field name="arch" type="xml">
                <data>
                    <xpath expr="//field[@name='fold']" position="after">
                        <field name="autostaging_enabled"/>
                    </xpath>
                </data>
            </field>
        </record>

        <record id="view_project_task_form_autostaging" model="ir.ui.view">
            <field name="name">project.task.form.autostaging</field>
            <field name="model">project.task</field>
            <field name="inherit_id" ref="project.view_task_form2"/>
            <field name="arch" type="xml">
                <data>
                    <xpath expr="//page[@string='Extra Info']" position="inside">
                        <group  colspan="2" col="2" string="Autostaging" attrs="{'invisible':[('autostaging_enabled','=',False)]}">
                            <field name="autostaging_next_stage" />
                            <field name="autostaging_days_left"/>
                            <field name="autostaging_date"/>
                            <field name="autostaging_enabled"/>
                        </group>
                    </xpath>
                </data>
            </field>
        </record>

    </data>
</openerp>
