<?xml version="1.0" encoding="utf-8"?>
<openerp>
    <data>
        <template id="assets_backend" name="pos assets" inherit_id="point_of_sale.assets_backend">
            <xpath expr="." position="inside">
				<script type="text/javascript" src="/pos_ticket_custom/static/src/js/pos.js"></script>
				<script type="text/javascript" src="/pos_ticket_custom/static/lib/moment.js"></script>
            </xpath>
        </template>

		<record model="ir.sequence.type" id="seq_type_pos_order_custom">
			<field name="name">POS Order Custom</field>
			<field name="code">pos.order.custom</field>
		</record>
	</data>
</openerp>
