<?xml version="1.0" encoding="utf-8"?>
<openerp>
    <data>
		<record id="view_pos_config_form" model="ir.ui.view">
            <field name="name">pos.config.form.view</field>
            <field name="model">pos.config</field>
			<field name="inherit_id" ref="point_of_sale.view_pos_config_form"/>

			<field name="arch" type="xml">
				<xpath expr="//group[@string='Receipt']" position="inside">
					<field name="pos_order_sequence_prefix"/>
				</xpath>
			</field>
		</record>
        
    </data>
</openerp>
